sanity_satisfy,dataStore_0
sanity_satisfy,dataStore_0
sanity_satisfy,dataStore_0
sanity_satisfy,dataStore_0
sanity_satisfy,dataStore_0
sanity_satisfy,dataStore_0
0xpoolboy,dataStore_0
0xpoolboy,dataStore_0
0xpoolboy,dataStore_0
0xpoolboy,dataStore_0
0xpoolboy,dataStore_0
0xpoolboy,dataStore_0
bytes32SetsInvariant,dataStore_0
bytes32SetsInvariant,dataStore_0
bytes32SetsInvariant,dataStore_0
bytes32SetsInvariant,dataStore_0
bytes32SetsInvariant,dataStore_0
bytes32SetsInvariant,dataStore_0
getBytes32ShouldNotRevert,dataStore_0
getBytes32ShouldNotRevert,dataStore_0
getBytes32ShouldNotRevert,dataStore_0
getBytes32ShouldNotRevert,dataStore_0
getBytes32ShouldNotRevert,dataStore_0
getBytes32ShouldNotRevert,dataStore_0
setBytes32Correctness,dataStore_0
setBytes32Correctness,dataStore_0
setBytes32Correctness,dataStore_0
setBytes32Correctness,dataStore_0
setBytes32Correctness,dataStore_0
setBytes32Correctness,dataStore_0
removeBytes32Correctness,dataStore_0
removeBytes32Correctness,dataStore_0
removeBytes32Correctness,dataStore_0
removeBytes32Correctness,dataStore_0
removeBytes32Correctness,dataStore_0
removeBytes32Correctness,dataStore_0
getUintArrayShouldNotRevert,dataStore_0
getUintArrayShouldNotRevert,dataStore_0
getUintArrayShouldNotRevert,dataStore_0
getUintArrayShouldNotRevert,dataStore_0
getUintArrayShouldNotRevert,dataStore_0
getUintArrayShouldNotRevert,dataStore_0
setUintArrayCorrectness,dataStore_0
setUintArrayCorrectness,dataStore_0
setUintArrayCorrectness,dataStore_0
setUintArrayCorrectness,dataStore_0
setUintArrayCorrectness,dataStore_0
setUintArrayCorrectness,dataStore_0
getBytes32ValuesAtCorrectness,dataStore_0
getBytes32ValuesAtCorrectness,dataStore_0
getBytes32ValuesAtCorrectness,dataStore_0
getBytes32ValuesAtCorrectness,dataStore_0
getBytes32ValuesAtCorrectness,dataStore_0
getBytes32ValuesAtCorrectness,dataStore_0
setBytes32ArrayCorrectness,dataStore_0
setBytes32ArrayCorrectness,dataStore_0
setBytes32ArrayCorrectness,dataStore_0
setBytes32ArrayCorrectness,dataStore_0
setBytes32ArrayCorrectness,dataStore_0
setBytes32ArrayCorrectness,dataStore_0
getBytes32CountShouldNotRevert,dataStore_0
getBytes32CountShouldNotRevert,dataStore_0
getBytes32CountShouldNotRevert,dataStore_0
getBytes32CountShouldNotRevert,dataStore_0
getBytes32CountShouldNotRevert,dataStore_0
getBytes32CountShouldNotRevert,dataStore_0
removeAddressSetCorrectness,dataStore_0
removeAddressSetCorrectness,dataStore_0
removeAddressSetCorrectness,dataStore_0
removeAddressSetCorrectness,dataStore_0
removeAddressSetCorrectness,dataStore_0
removeAddressSetCorrectness,dataStore_0
removeUintSetCorrectness,dataStore_0
removeUintSetCorrectness,dataStore_0
removeUintSetCorrectness,dataStore_0
removeUintSetCorrectness,dataStore_0
removeUintSetCorrectness,dataStore_0
removeUintSetCorrectness,dataStore_0
removeStringArrayShouldRevertWhenNotController,dataStore_0
removeStringArrayShouldRevertWhenNotController,dataStore_0
removeStringArrayShouldRevertWhenNotController,dataStore_0
removeStringArrayShouldRevertWhenNotController,dataStore_0
removeStringArrayShouldRevertWhenNotController,dataStore_0
removeStringArrayShouldRevertWhenNotController,dataStore_0
getUintValuesAtCorrectness,dataStore_0
getUintValuesAtCorrectness,dataStore_0
getUintValuesAtCorrectness,dataStore_0
getUintValuesAtCorrectness,dataStore_0
getUintValuesAtCorrectness,dataStore_0
getUintValuesAtCorrectness,dataStore_0
containsUintSShouldNotRevert,dataStore_0
containsUintSShouldNotRevert,dataStore_0
containsUintSShouldNotRevert,dataStore_0
containsUintSShouldNotRevert,dataStore_0
containsUintSShouldNotRevert,dataStore_0
containsUintSShouldNotRevert,dataStore_0
removeUintArrayCorrectness,dataStore_0
removeUintArrayCorrectness,dataStore_0
removeUintArrayCorrectness,dataStore_0
removeUintArrayCorrectness,dataStore_0
removeUintArrayCorrectness,dataStore_0
removeUintArrayCorrectness,dataStore_0
getIntArrayShouldNotRevert,dataStore_0
getIntArrayShouldNotRevert,dataStore_0
getIntArrayShouldNotRevert,dataStore_0
getIntArrayShouldNotRevert,dataStore_0
getIntArrayShouldNotRevert,dataStore_0
getIntArrayShouldNotRevert,dataStore_0
removeAddressArrayCorrectness,dataStore_0
removeAddressArrayCorrectness,dataStore_0
removeAddressArrayCorrectness,dataStore_0
removeAddressArrayCorrectness,dataStore_0
removeAddressArrayCorrectness,dataStore_0
removeAddressArrayCorrectness,dataStore_0
setIntArrayCorrectness,dataStore_0
setIntArrayCorrectness,dataStore_0
setIntArrayCorrectness,dataStore_0
setIntArrayCorrectness,dataStore_0
setIntArrayCorrectness,dataStore_0
setIntArrayCorrectness,dataStore_0
setAddressArrayCorrectness,dataStore_0
setAddressArrayCorrectness,dataStore_0
setAddressArrayCorrectness,dataStore_0
setAddressArrayCorrectness,dataStore_0
setAddressArrayCorrectness,dataStore_0
setAddressArrayCorrectness,dataStore_0
removeBytes32SetCorrectness,dataStore_0
removeBytes32SetCorrectness,dataStore_0
removeBytes32SetCorrectness,dataStore_0
removeBytes32SetCorrectness,dataStore_0
removeBytes32SetCorrectness,dataStore_0
removeBytes32SetCorrectness,dataStore_0
addAddressCorrectness,dataStore_0
addAddressCorrectness,dataStore_0
addAddressCorrectness,dataStore_0
addAddressCorrectness,dataStore_0
addAddressCorrectness,dataStore_0
addAddressCorrectness,dataStore_0
removeIntArrayCorrectness,dataStore_0
removeIntArrayCorrectness,dataStore_0
removeIntArrayCorrectness,dataStore_0
removeIntArrayCorrectness,dataStore_0
removeIntArrayCorrectness,dataStore_0
removeIntArrayCorrectness,dataStore_0
addBytes32Correctness,dataStore_0
addBytes32Correctness,dataStore_0
addBytes32Correctness,dataStore_0
addBytes32Correctness,dataStore_0
addBytes32Correctness,dataStore_0
addBytes32Correctness,dataStore_0
envfreeFuncsStaticCheck,dataStore_0
envfreeFuncsStaticCheck,dataStore_0
envfreeFuncsStaticCheck,dataStore_0
envfreeFuncsStaticCheck,dataStore_0
envfreeFuncsStaticCheck,dataStore_0
envfreeFuncsStaticCheck,dataStore_0
removeBytes32ArrayCorrectness,dataStore_0
removeBytes32ArrayCorrectness,dataStore_0
removeBytes32ArrayCorrectness,dataStore_0
removeBytes32ArrayCorrectness,dataStore_0
removeBytes32ArrayCorrectness,dataStore_0
removeBytes32ArrayCorrectness,dataStore_0
getUintCountShouldNotRevert,dataStore_0
getUintCountShouldNotRevert,dataStore_0
getUintCountShouldNotRevert,dataStore_0
getUintCountShouldNotRevert,dataStore_0
getUintCountShouldNotRevert,dataStore_0
getUintCountShouldNotRevert,dataStore_0
getAddressArrayShouldNotRevert,dataStore_0
getAddressArrayShouldNotRevert,dataStore_0
getAddressArrayShouldNotRevert,dataStore_0
getAddressArrayShouldNotRevert,dataStore_0
getAddressArrayShouldNotRevert,dataStore_0
getAddressArrayShouldNotRevert,dataStore_0
containsBytes32SShouldNotRevert,dataStore_0
containsBytes32SShouldNotRevert,dataStore_0
containsBytes32SShouldNotRevert,dataStore_0
containsBytes32SShouldNotRevert,dataStore_0
containsBytes32SShouldNotRevert,dataStore_0
containsBytes32SShouldNotRevert,dataStore_0
addUintCorrectness,dataStore_0
addUintCorrectness,dataStore_0
addUintCorrectness,dataStore_0
addUintCorrectness,dataStore_0
addUintCorrectness,dataStore_0
addUintCorrectness,dataStore_0
getBytes32ArrayShouldNotRevert,dataStore_0
getBytes32ArrayShouldNotRevert,dataStore_0
getBytes32ArrayShouldNotRevert,dataStore_0
getBytes32ArrayShouldNotRevert,dataStore_0
getBytes32ArrayShouldNotRevert,dataStore_0
getBytes32ArrayShouldNotRevert,dataStore_0
getAddressCountShouldNotRevert,dataStore_0
getAddressCountShouldNotRevert,dataStore_0
getAddressCountShouldNotRevert,dataStore_0
getAddressCountShouldNotRevert,dataStore_0
getAddressCountShouldNotRevert,dataStore_0
getAddressCountShouldNotRevert,dataStore_0
getAddressValuesAtCorrectness,dataStore_0
getAddressValuesAtCorrectness,dataStore_0
getAddressValuesAtCorrectness,dataStore_0
getAddressValuesAtCorrectness,dataStore_0
getAddressValuesAtCorrectness,dataStore_0
getAddressValuesAtCorrectness,dataStore_0
containsAddressSShouldNotRevert,dataStore_0
containsAddressSShouldNotRevert,dataStore_0
containsAddressSShouldNotRevert,dataStore_0
containsAddressSShouldNotRevert,dataStore_0
containsAddressSShouldNotRevert,dataStore_0
containsAddressSShouldNotRevert,dataStore_0
uintSetsInvariant,dataStore_0
uintSetsInvariant,dataStore_0
uintSetsInvariant,dataStore_0
uintSetsInvariant,dataStore_0
uintSetsInvariant,dataStore_0
uintSetsInvariant,dataStore_0
addressSetsInvariant,dataStore_0
addressSetsInvariant,dataStore_0
addressSetsInvariant,dataStore_0
addressSetsInvariant,dataStore_0
addressSetsInvariant,dataStore_0
addressSetsInvariant,dataStore_0
removeStringCorrectness,dataStore_0
removeStringCorrectness,dataStore_0
removeStringCorrectness,dataStore_0
removeStringCorrectness,dataStore_0
removeStringCorrectness,dataStore_0
removeStringCorrectness,dataStore_0
setStringCorrectness,dataStore_0
setStringCorrectness,dataStore_0
setStringCorrectness,dataStore_0
setStringCorrectness,dataStore_0
setStringCorrectness,dataStore_0
setStringCorrectness,dataStore_0
removeBoolCorrectness,dataStore_0
removeBoolCorrectness,dataStore_0
removeBoolCorrectness,dataStore_0
removeBoolCorrectness,dataStore_0
removeBoolCorrectness,dataStore_0
removeBoolCorrectness,dataStore_0
setBoolCorrectness,dataStore_0
setBoolCorrectness,dataStore_0
setBoolCorrectness,dataStore_0
setBoolCorrectness,dataStore_0
setBoolCorrectness,dataStore_0
setBoolCorrectness,dataStore_0
getBoolShouldNotRevert,dataStore_0
getBoolShouldNotRevert,dataStore_0
getBoolShouldNotRevert,dataStore_0
getBoolShouldNotRevert,dataStore_0
getBoolShouldNotRevert,dataStore_0
getBoolShouldNotRevert,dataStore_0
removeAddressCorrectness,dataStore_0
removeAddressCorrectness,dataStore_0
removeAddressCorrectness,dataStore_0
removeAddressCorrectness,dataStore_0
removeAddressCorrectness,dataStore_0
removeAddressCorrectness,dataStore_0
setAddressCorrectness,dataStore_0
setAddressCorrectness,dataStore_0
setAddressCorrectness,dataStore_0
setAddressCorrectness,dataStore_0
setAddressCorrectness,dataStore_0
setAddressCorrectness,dataStore_0
getAddressShouldNotRevert,dataStore_0
getAddressShouldNotRevert,dataStore_0
getAddressShouldNotRevert,dataStore_0
getAddressShouldNotRevert,dataStore_0
getAddressShouldNotRevert,dataStore_0
getAddressShouldNotRevert,dataStore_0
decrementIntCorrectness,dataStore_0
decrementIntCorrectness,dataStore_0
decrementIntCorrectness,dataStore_0
decrementIntCorrectness,dataStore_0
decrementIntCorrectness,dataStore_0
decrementIntCorrectness,dataStore_0
incrementIntCorrectness,dataStore_0
incrementIntCorrectness,dataStore_0
incrementIntCorrectness,dataStore_0
incrementIntCorrectness,dataStore_0
incrementIntCorrectness,dataStore_0
incrementIntCorrectness,dataStore_0
applyDeltaToIntCorrectness,dataStore_0
applyDeltaToIntCorrectness,dataStore_0
applyDeltaToIntCorrectness,dataStore_0
applyDeltaToIntCorrectness,dataStore_0
applyDeltaToIntCorrectness,dataStore_0
applyDeltaToIntCorrectness,dataStore_0
removeIntCorrectness,dataStore_0
removeIntCorrectness,dataStore_0
removeIntCorrectness,dataStore_0
removeIntCorrectness,dataStore_0
removeIntCorrectness,dataStore_0
removeIntCorrectness,dataStore_0
setIntCorrectness,dataStore_0
setIntCorrectness,dataStore_0
setIntCorrectness,dataStore_0
setIntCorrectness,dataStore_0
setIntCorrectness,dataStore_0
setIntCorrectness,dataStore_0
getIntShouldNotRevert,dataStore_0
getIntShouldNotRevert,dataStore_0
getIntShouldNotRevert,dataStore_0
getIntShouldNotRevert,dataStore_0
getIntShouldNotRevert,dataStore_0
getIntShouldNotRevert,dataStore_0
decrementUintCorrectness,dataStore_0
decrementUintCorrectness,dataStore_0
decrementUintCorrectness,dataStore_0
decrementUintCorrectness,dataStore_0
decrementUintCorrectness,dataStore_0
decrementUintCorrectness,dataStore_0
incrementUintCorrectness,dataStore_0
incrementUintCorrectness,dataStore_0
incrementUintCorrectness,dataStore_0
incrementUintCorrectness,dataStore_0
incrementUintCorrectness,dataStore_0
incrementUintCorrectness,dataStore_0
applyBoundedDeltaToUintCorrectness,dataStore_0
applyBoundedDeltaToUintCorrectness,dataStore_0
applyBoundedDeltaToUintCorrectness,dataStore_0
applyBoundedDeltaToUintCorrectness,dataStore_0
applyBoundedDeltaToUintCorrectness,dataStore_0
applyBoundedDeltaToUintCorrectness,dataStore_0
applyDeltaToUint_uintValue_Correctness,dataStore_0
applyDeltaToUint_uintValue_Correctness,dataStore_0
applyDeltaToUint_uintValue_Correctness,dataStore_0
applyDeltaToUint_uintValue_Correctness,dataStore_0
applyDeltaToUint_uintValue_Correctness,dataStore_0
applyDeltaToUint_uintValue_Correctness,dataStore_0
applyDeltaToUint_intValue_Correctness,dataStore_0
applyDeltaToUint_intValue_Correctness,dataStore_0
applyDeltaToUint_intValue_Correctness,dataStore_0
applyDeltaToUint_intValue_Correctness,dataStore_0
applyDeltaToUint_intValue_Correctness,dataStore_0
applyDeltaToUint_intValue_Correctness,dataStore_0
removeUintCorrectness,dataStore_0
removeUintCorrectness,dataStore_0
removeUintCorrectness,dataStore_0
removeUintCorrectness,dataStore_0
removeUintCorrectness,dataStore_0
removeUintCorrectness,dataStore_0
setUintCorrectness,dataStore_0
setUintCorrectness,dataStore_0
setUintCorrectness,dataStore_0
setUintCorrectness,dataStore_0
setUintCorrectness,dataStore_0
setUintCorrectness,dataStore_0
getUintShouldNotRevert,dataStore_0
getUintShouldNotRevert,dataStore_0
getUintShouldNotRevert,dataStore_0
getUintShouldNotRevert,dataStore_0
getUintShouldNotRevert,dataStore_0
getUintShouldNotRevert,dataStore_0
sanity_satisfy,dataStore_0
sanity_satisfy,dataStore_0
sanity_satisfy,dataStore_0
sanity_satisfy,dataStore_0
sanity_satisfy,dataStore_0
sanity_satisfy,dataStore_0
sanity_satisfy,dataStore_0
sanity_satisfy,dataStore_0
sanity_satisfy,dataStore_0
sanity_satisfy,dataStore_0
sanity_satisfy,dataStore_0
sanity_satisfy,dataStore_0
sanity_satisfy,dataStore_0
sanity_satisfy,dataStore_0
sanity_satisfy,dataStore_0
sanity_satisfy,dataStore_0
sanity_satisfy,dataStore_0
sanity_satisfy,dataStore_0
sanity_satisfy,dataStore_0
sanity_satisfy,dataStore_0
sanity_satisfy,dataStore_0
sanity_satisfy,dataStore_0
sanity_satisfy,dataStore_0
sanity_satisfy,dataStore_0
sanity_satisfy,dataStore_0
sanity_satisfy,dataStore_0
sanity_satisfy,dataStore_0
sanity_satisfy,dataStore_0
sanity_satisfy,dataStore_0
sanity_satisfy,dataStore_0
sanity_satisfy,dataStore_0
sanity_satisfy,dataStore_0
sanity_satisfy,dataStore_0
sanity_satisfy,dataStore_0
sanity_satisfy,dataStore_0
sanity_satisfy,dataStore_0
sanity_satisfy,dataStore_0
sanity_satisfy,dataStore_0
sanity_satisfy,dataStore_0
sanity_satisfy,dataStore_0
sanity_satisfy,dataStore_0
sanity_satisfy,dataStore_0
sanity_satisfy,dataStore_0
sanity_satisfy,dataStore_0
sanity_satisfy,dataStore_0
sanity_satisfy,dataStore_0
sanity_satisfy,dataStore_0
sanity_satisfy,dataStore_0
sanity_satisfy,dataStore_0
sanity_satisfy,dataStore_0
sanity_satisfy,dataStore_0
sanity_satisfy,dataStore_0
sanity_satisfy,dataStore_0
sanity_satisfy,dataStore_0
sanity_satisfy,dataStore_0
sanity_satisfy,dataStore_0
sanity_satisfy,dataStore_0
sanity_satisfy,dataStore_0
sanity_satisfy,dataStore_0
sanity_satisfy,dataStore_0
sanity_satisfy,dataStore_0
sanity_satisfy,dataStore_0
sanity_satisfy,dataStore_0
sanity_satisfy,dataStore_0
sanity_satisfy,dataStore_0
sanity_satisfy,dataStore_0
sanity_satisfy,dataStore_0
sanity_satisfy,dataStore_0
sanity_satisfy,dataStore_0
sanity_satisfy,dataStore_0
sanity_satisfy,dataStore_0
