setUintArrayValuesInvariant,dataStore_0
setUintArrayValuesInvariant,dataStore_0
setUintArrayValuesInvariant,dataStore_0
setUintArrayValuesInvariant,dataStore_0
setUintArrayValuesInvariant,dataStore_0
setUintArrayValuesInvariant,dataStore_0
setUintArrayValuesInvariant,dataStore_0
setStringArrayValuesInvariant,dataStore_0
setStringArrayValuesInvariant,dataStore_0
setStringArrayValuesInvariant,dataStore_0
setStringArrayValuesInvariant,dataStore_0
setStringArrayValuesInvariant,dataStore_0
setStringArrayValuesInvariant,dataStore_0
setStringArrayValuesInvariant,dataStore_0
setBoolArrayValuesInvariant,dataStore_0
setBoolArrayValuesInvariant,dataStore_0
setBoolArrayValuesInvariant,dataStore_0
setBoolArrayValuesInvariant,dataStore_0
setBoolArrayValuesInvariant,dataStore_0
setBoolArrayValuesInvariant,dataStore_0
setBoolArrayValuesInvariant,dataStore_0
setBytes32SetsInvariant,dataStore_0
setBytes32SetsInvariant,dataStore_0
setBytes32SetsInvariant,dataStore_0
setBytes32SetsInvariant,dataStore_0
setBytes32SetsInvariant,dataStore_0
setBytes32SetsInvariant,dataStore_0
setBytes32SetsInvariant,dataStore_0
setBytes32ArrayValuesInvariant,dataStore_0
setBytes32ArrayValuesInvariant,dataStore_0
setBytes32ArrayValuesInvariant,dataStore_0
setBytes32ArrayValuesInvariant,dataStore_0
setBytes32ArrayValuesInvariant,dataStore_0
setBytes32ArrayValuesInvariant,dataStore_0
setBytes32ArrayValuesInvariant,dataStore_0
setIntArrayValuesInvariant,dataStore_0
setIntArrayValuesInvariant,dataStore_0
setIntArrayValuesInvariant,dataStore_0
setIntArrayValuesInvariant,dataStore_0
setIntArrayValuesInvariant,dataStore_0
setIntArrayValuesInvariant,dataStore_0
setIntArrayValuesInvariant,dataStore_0
notRevertedPossibility,dataStore_0
notRevertedPossibility,dataStore_0
notRevertedPossibility,dataStore_0
notRevertedPossibility,dataStore_0
notRevertedPossibility,dataStore_0
notRevertedPossibility,dataStore_0
notRevertedPossibility,dataStore_0
setAddressSetsInvariant,dataStore_0
setAddressSetsInvariant,dataStore_0
setAddressSetsInvariant,dataStore_0
setAddressSetsInvariant,dataStore_0
setAddressSetsInvariant,dataStore_0
setAddressSetsInvariant,dataStore_0
setAddressSetsInvariant,dataStore_0
setAddressArrayValuesInvariant,dataStore_0
setAddressArrayValuesInvariant,dataStore_0
setAddressArrayValuesInvariant,dataStore_0
setAddressArrayValuesInvariant,dataStore_0
setAddressArrayValuesInvariant,dataStore_0
setAddressArrayValuesInvariant,dataStore_0
setAddressArrayValuesInvariant,dataStore_0
setUintSetsInvariant,dataStore_0
setUintSetsInvariant,dataStore_0
setUintSetsInvariant,dataStore_0
setUintSetsInvariant,dataStore_0
setUintSetsInvariant,dataStore_0
setUintSetsInvariant,dataStore_0
setUintSetsInvariant,dataStore_0
onlyControllerCouldModifyState,dataStore_0
onlyControllerCouldModifyState,dataStore_0
onlyControllerCouldModifyState,dataStore_0
onlyControllerCouldModifyState,dataStore_0
onlyControllerCouldModifyState,dataStore_0
onlyControllerCouldModifyState,dataStore_0
onlyControllerCouldModifyState,dataStore_0
z0ld,dataStore_0
z0ld,dataStore_0
z0ld,dataStore_0
z0ld,dataStore_0
z0ld,dataStore_0
z0ld,dataStore_0
z0ld,dataStore_0
applyDeltaToUintPossibility,dataStore_0
applyDeltaToUintPossibility,dataStore_0
applyDeltaToUintPossibility,dataStore_0
applyDeltaToUintPossibility,dataStore_0
applyDeltaToUintPossibility,dataStore_0
applyDeltaToUintPossibility,dataStore_0
applyDeltaToUintPossibility,dataStore_0
setIntArrayIntegrity,dataStore_0
setIntArrayIntegrity,dataStore_0
setIntArrayIntegrity,dataStore_0
setIntArrayIntegrity,dataStore_0
setIntArrayIntegrity,dataStore_0
setIntArrayIntegrity,dataStore_0
setIntArrayIntegrity,dataStore_0
removeIntArrayIntegrity,dataStore_0
removeIntArrayIntegrity,dataStore_0
removeIntArrayIntegrity,dataStore_0
removeIntArrayIntegrity,dataStore_0
removeIntArrayIntegrity,dataStore_0
removeIntArrayIntegrity,dataStore_0
removeIntArrayIntegrity,dataStore_0
getAddressArrayIntegrity,dataStore_0
getAddressArrayIntegrity,dataStore_0
getAddressArrayIntegrity,dataStore_0
getAddressArrayIntegrity,dataStore_0
getAddressArrayIntegrity,dataStore_0
getAddressArrayIntegrity,dataStore_0
getAddressArrayIntegrity,dataStore_0
setAddressArrayIntegrity,dataStore_0
setAddressArrayIntegrity,dataStore_0
setAddressArrayIntegrity,dataStore_0
setAddressArrayIntegrity,dataStore_0
setAddressArrayIntegrity,dataStore_0
setAddressArrayIntegrity,dataStore_0
setAddressArrayIntegrity,dataStore_0
removeAddressArrayIntegrity,dataStore_0
removeAddressArrayIntegrity,dataStore_0
removeAddressArrayIntegrity,dataStore_0
removeAddressArrayIntegrity,dataStore_0
removeAddressArrayIntegrity,dataStore_0
removeAddressArrayIntegrity,dataStore_0
removeAddressArrayIntegrity,dataStore_0
getBytes32ArrayIntegrity,dataStore_0
getBytes32ArrayIntegrity,dataStore_0
getBytes32ArrayIntegrity,dataStore_0
getBytes32ArrayIntegrity,dataStore_0
getBytes32ArrayIntegrity,dataStore_0
getBytes32ArrayIntegrity,dataStore_0
getBytes32ArrayIntegrity,dataStore_0
setBytes32ArrayIntegrity,dataStore_0
setBytes32ArrayIntegrity,dataStore_0
setBytes32ArrayIntegrity,dataStore_0
setBytes32ArrayIntegrity,dataStore_0
setBytes32ArrayIntegrity,dataStore_0
setBytes32ArrayIntegrity,dataStore_0
setBytes32ArrayIntegrity,dataStore_0
removeUintValueIntegrity,dataStore_0
removeUintValueIntegrity,dataStore_0
removeUintValueIntegrity,dataStore_0
removeUintValueIntegrity,dataStore_0
removeUintValueIntegrity,dataStore_0
removeUintValueIntegrity,dataStore_0
removeUintValueIntegrity,dataStore_0
containsBytes32Integrity,dataStore_0
containsBytes32Integrity,dataStore_0
containsBytes32Integrity,dataStore_0
containsBytes32Integrity,dataStore_0
containsBytes32Integrity,dataStore_0
containsBytes32Integrity,dataStore_0
containsBytes32Integrity,dataStore_0
getUintValuesAtIntegrity,dataStore_0
getUintValuesAtIntegrity,dataStore_0
getUintValuesAtIntegrity,dataStore_0
getUintValuesAtIntegrity,dataStore_0
getUintValuesAtIntegrity,dataStore_0
getUintValuesAtIntegrity,dataStore_0
getUintValuesAtIntegrity,dataStore_0
addUintIntegrity,dataStore_0
addUintIntegrity,dataStore_0
addUintIntegrity,dataStore_0
addUintIntegrity,dataStore_0
addUintIntegrity,dataStore_0
addUintIntegrity,dataStore_0
addUintIntegrity,dataStore_0
removeAddressValueIntegrity,dataStore_0
removeAddressValueIntegrity,dataStore_0
removeAddressValueIntegrity,dataStore_0
removeAddressValueIntegrity,dataStore_0
removeAddressValueIntegrity,dataStore_0
removeAddressValueIntegrity,dataStore_0
removeAddressValueIntegrity,dataStore_0
addAddressIntegrity,dataStore_0
addAddressIntegrity,dataStore_0
addAddressIntegrity,dataStore_0
addAddressIntegrity,dataStore_0
addAddressIntegrity,dataStore_0
addAddressIntegrity,dataStore_0
addAddressIntegrity,dataStore_0
removeBytes32ArrayIntegrity,dataStore_0
removeBytes32ArrayIntegrity,dataStore_0
removeBytes32ArrayIntegrity,dataStore_0
removeBytes32ArrayIntegrity,dataStore_0
removeBytes32ArrayIntegrity,dataStore_0
removeBytes32ArrayIntegrity,dataStore_0
removeBytes32ArrayIntegrity,dataStore_0
envfreeFuncsStaticCheck,dataStore_0
envfreeFuncsStaticCheck,dataStore_0
envfreeFuncsStaticCheck,dataStore_0
envfreeFuncsStaticCheck,dataStore_0
envfreeFuncsStaticCheck,dataStore_0
envfreeFuncsStaticCheck,dataStore_0
envfreeFuncsStaticCheck,dataStore_0
getBytes32CountIntegrity,dataStore_0
getBytes32CountIntegrity,dataStore_0
getBytes32CountIntegrity,dataStore_0
getBytes32CountIntegrity,dataStore_0
getBytes32CountIntegrity,dataStore_0
getBytes32CountIntegrity,dataStore_0
getBytes32CountIntegrity,dataStore_0
getAddressCountIntegrity,dataStore_0
getAddressCountIntegrity,dataStore_0
getAddressCountIntegrity,dataStore_0
getAddressCountIntegrity,dataStore_0
getAddressCountIntegrity,dataStore_0
getAddressCountIntegrity,dataStore_0
getAddressCountIntegrity,dataStore_0
containsUintIntegrity,dataStore_0
containsUintIntegrity,dataStore_0
containsUintIntegrity,dataStore_0
containsUintIntegrity,dataStore_0
containsUintIntegrity,dataStore_0
containsUintIntegrity,dataStore_0
containsUintIntegrity,dataStore_0
addBytes32Integrity,dataStore_0
addBytes32Integrity,dataStore_0
addBytes32Integrity,dataStore_0
addBytes32Integrity,dataStore_0
addBytes32Integrity,dataStore_0
addBytes32Integrity,dataStore_0
addBytes32Integrity,dataStore_0
getUintCountCountIntegrity,dataStore_0
getUintCountCountIntegrity,dataStore_0
getUintCountCountIntegrity,dataStore_0
getUintCountCountIntegrity,dataStore_0
getUintCountCountIntegrity,dataStore_0
getUintCountCountIntegrity,dataStore_0
getUintCountCountIntegrity,dataStore_0
containsAddressIntegrity,dataStore_0
containsAddressIntegrity,dataStore_0
containsAddressIntegrity,dataStore_0
containsAddressIntegrity,dataStore_0
containsAddressIntegrity,dataStore_0
containsAddressIntegrity,dataStore_0
containsAddressIntegrity,dataStore_0
removeBytes32ValueIntegrity,dataStore_0
removeBytes32ValueIntegrity,dataStore_0
removeBytes32ValueIntegrity,dataStore_0
removeBytes32ValueIntegrity,dataStore_0
removeBytes32ValueIntegrity,dataStore_0
removeBytes32ValueIntegrity,dataStore_0
removeBytes32ValueIntegrity,dataStore_0
getAddressValuesAtIntegrity,dataStore_0
getAddressValuesAtIntegrity,dataStore_0
getAddressValuesAtIntegrity,dataStore_0
getAddressValuesAtIntegrity,dataStore_0
getAddressValuesAtIntegrity,dataStore_0
getAddressValuesAtIntegrity,dataStore_0
getAddressValuesAtIntegrity,dataStore_0
getBytes32ValuesAtIntegrity,dataStore_0
getBytes32ValuesAtIntegrity,dataStore_0
getBytes32ValuesAtIntegrity,dataStore_0
getBytes32ValuesAtIntegrity,dataStore_0
getBytes32ValuesAtIntegrity,dataStore_0
getBytes32ValuesAtIntegrity,dataStore_0
getBytes32ValuesAtIntegrity,dataStore_0
getIntArrayIntegrity,dataStore_0
getIntArrayIntegrity,dataStore_0
getIntArrayIntegrity,dataStore_0
getIntArrayIntegrity,dataStore_0
getIntArrayIntegrity,dataStore_0
getIntArrayIntegrity,dataStore_0
getIntArrayIntegrity,dataStore_0
removeUintArrayIntegrity,dataStore_0
removeUintArrayIntegrity,dataStore_0
removeUintArrayIntegrity,dataStore_0
removeUintArrayIntegrity,dataStore_0
removeUintArrayIntegrity,dataStore_0
removeUintArrayIntegrity,dataStore_0
removeUintArrayIntegrity,dataStore_0
setUintArrayIntegrity,dataStore_0
setUintArrayIntegrity,dataStore_0
setUintArrayIntegrity,dataStore_0
setUintArrayIntegrity,dataStore_0
setUintArrayIntegrity,dataStore_0
setUintArrayIntegrity,dataStore_0
setUintArrayIntegrity,dataStore_0
getUintArrayIntegrity,dataStore_0
getUintArrayIntegrity,dataStore_0
getUintArrayIntegrity,dataStore_0
getUintArrayIntegrity,dataStore_0
getUintArrayIntegrity,dataStore_0
getUintArrayIntegrity,dataStore_0
getUintArrayIntegrity,dataStore_0
removeBytes32Integrity,dataStore_0
removeBytes32Integrity,dataStore_0
removeBytes32Integrity,dataStore_0
removeBytes32Integrity,dataStore_0
removeBytes32Integrity,dataStore_0
removeBytes32Integrity,dataStore_0
removeBytes32Integrity,dataStore_0
setBytes32Integrity,dataStore_0
setBytes32Integrity,dataStore_0
setBytes32Integrity,dataStore_0
setBytes32Integrity,dataStore_0
setBytes32Integrity,dataStore_0
setBytes32Integrity,dataStore_0
setBytes32Integrity,dataStore_0
getBytes32Integrity,dataStore_0
getBytes32Integrity,dataStore_0
getBytes32Integrity,dataStore_0
getBytes32Integrity,dataStore_0
getBytes32Integrity,dataStore_0
getBytes32Integrity,dataStore_0
getBytes32Integrity,dataStore_0
removeAddressIntegrity,dataStore_0
removeAddressIntegrity,dataStore_0
removeAddressIntegrity,dataStore_0
removeAddressIntegrity,dataStore_0
removeAddressIntegrity,dataStore_0
removeAddressIntegrity,dataStore_0
removeAddressIntegrity,dataStore_0
setAddressIntegrity,dataStore_0
setAddressIntegrity,dataStore_0
setAddressIntegrity,dataStore_0
setAddressIntegrity,dataStore_0
setAddressIntegrity,dataStore_0
setAddressIntegrity,dataStore_0
setAddressIntegrity,dataStore_0
getAddressIntegrity,dataStore_0
getAddressIntegrity,dataStore_0
getAddressIntegrity,dataStore_0
getAddressIntegrity,dataStore_0
getAddressIntegrity,dataStore_0
getAddressIntegrity,dataStore_0
getAddressIntegrity,dataStore_0
decrementIntIntegrity,dataStore_0
decrementIntIntegrity,dataStore_0
decrementIntIntegrity,dataStore_0
decrementIntIntegrity,dataStore_0
decrementIntIntegrity,dataStore_0
decrementIntIntegrity,dataStore_0
decrementIntIntegrity,dataStore_0
incrementIntIntegrity,dataStore_0
incrementIntIntegrity,dataStore_0
incrementIntIntegrity,dataStore_0
incrementIntIntegrity,dataStore_0
incrementIntIntegrity,dataStore_0
incrementIntIntegrity,dataStore_0
incrementIntIntegrity,dataStore_0
applyDeltaToIntIntegrity,dataStore_0
applyDeltaToIntIntegrity,dataStore_0
applyDeltaToIntIntegrity,dataStore_0
applyDeltaToIntIntegrity,dataStore_0
applyDeltaToIntIntegrity,dataStore_0
applyDeltaToIntIntegrity,dataStore_0
applyDeltaToIntIntegrity,dataStore_0
removeIntIntegrity,dataStore_0
removeIntIntegrity,dataStore_0
removeIntIntegrity,dataStore_0
removeIntIntegrity,dataStore_0
removeIntIntegrity,dataStore_0
removeIntIntegrity,dataStore_0
removeIntIntegrity,dataStore_0
setIntIntegrity,dataStore_0
setIntIntegrity,dataStore_0
setIntIntegrity,dataStore_0
setIntIntegrity,dataStore_0
setIntIntegrity,dataStore_0
setIntIntegrity,dataStore_0
setIntIntegrity,dataStore_0
getIntIntegrity,dataStore_0
getIntIntegrity,dataStore_0
getIntIntegrity,dataStore_0
getIntIntegrity,dataStore_0
getIntIntegrity,dataStore_0
getIntIntegrity,dataStore_0
getIntIntegrity,dataStore_0
decrementUintIntegrity,dataStore_0
decrementUintIntegrity,dataStore_0
decrementUintIntegrity,dataStore_0
decrementUintIntegrity,dataStore_0
decrementUintIntegrity,dataStore_0
decrementUintIntegrity,dataStore_0
decrementUintIntegrity,dataStore_0
incrementUintIntegrity,dataStore_0
incrementUintIntegrity,dataStore_0
incrementUintIntegrity,dataStore_0
incrementUintIntegrity,dataStore_0
incrementUintIntegrity,dataStore_0
incrementUintIntegrity,dataStore_0
incrementUintIntegrity,dataStore_0
applyBoundedDeltaToUintIntegrity,dataStore_0
applyBoundedDeltaToUintIntegrity,dataStore_0
applyBoundedDeltaToUintIntegrity,dataStore_0
applyBoundedDeltaToUintIntegrity,dataStore_0
applyBoundedDeltaToUintIntegrity,dataStore_0
applyBoundedDeltaToUintIntegrity,dataStore_0
applyBoundedDeltaToUintIntegrity,dataStore_0
applyDeltaToUint2Integrity,dataStore_0
applyDeltaToUint2Integrity,dataStore_0
applyDeltaToUint2Integrity,dataStore_0
applyDeltaToUint2Integrity,dataStore_0
applyDeltaToUint2Integrity,dataStore_0
applyDeltaToUint2Integrity,dataStore_0
applyDeltaToUint2Integrity,dataStore_0
applyDeltaToUintIntegrity,dataStore_0
applyDeltaToUintIntegrity,dataStore_0
applyDeltaToUintIntegrity,dataStore_0
applyDeltaToUintIntegrity,dataStore_0
applyDeltaToUintIntegrity,dataStore_0
applyDeltaToUintIntegrity,dataStore_0
applyDeltaToUintIntegrity,dataStore_0
removeUintIntegrity,dataStore_0
removeUintIntegrity,dataStore_0
removeUintIntegrity,dataStore_0
removeUintIntegrity,dataStore_0
removeUintIntegrity,dataStore_0
removeUintIntegrity,dataStore_0
removeUintIntegrity,dataStore_0
setUintIntegrity,dataStore_0
setUintIntegrity,dataStore_0
setUintIntegrity,dataStore_0
setUintIntegrity,dataStore_0
setUintIntegrity,dataStore_0
setUintIntegrity,dataStore_0
setUintIntegrity,dataStore_0
getUintIntegrity,dataStore_0
getUintIntegrity,dataStore_0
getUintIntegrity,dataStore_0
getUintIntegrity,dataStore_0
getUintIntegrity,dataStore_0
getUintIntegrity,dataStore_0
getUintIntegrity,dataStore_0
setUintArrayValuesInvariant,dataStore_0
setUintArrayValuesInvariant,dataStore_0
setUintArrayValuesInvariant,dataStore_0
setUintArrayValuesInvariant,dataStore_0
setUintArrayValuesInvariant,dataStore_0
setUintArrayValuesInvariant,dataStore_0
setUintArrayValuesInvariant,dataStore_0
setStringArrayValuesInvariant,dataStore_0
setStringArrayValuesInvariant,dataStore_0
setStringArrayValuesInvariant,dataStore_0
setStringArrayValuesInvariant,dataStore_0
setStringArrayValuesInvariant,dataStore_0
setStringArrayValuesInvariant,dataStore_0
setStringArrayValuesInvariant,dataStore_0
setBoolArrayValuesInvariant,dataStore_0
setBoolArrayValuesInvariant,dataStore_0
setBoolArrayValuesInvariant,dataStore_0
setBoolArrayValuesInvariant,dataStore_0
setBoolArrayValuesInvariant,dataStore_0
setBoolArrayValuesInvariant,dataStore_0
setBoolArrayValuesInvariant,dataStore_0
setBytes32SetsInvariant,dataStore_0
setBytes32SetsInvariant,dataStore_0
setBytes32SetsInvariant,dataStore_0
setBytes32SetsInvariant,dataStore_0
setBytes32SetsInvariant,dataStore_0
setBytes32SetsInvariant,dataStore_0
setBytes32SetsInvariant,dataStore_0
setBytes32ArrayValuesInvariant,dataStore_0
setBytes32ArrayValuesInvariant,dataStore_0
setBytes32ArrayValuesInvariant,dataStore_0
setBytes32ArrayValuesInvariant,dataStore_0
setBytes32ArrayValuesInvariant,dataStore_0
setBytes32ArrayValuesInvariant,dataStore_0
setBytes32ArrayValuesInvariant,dataStore_0
setIntArrayValuesInvariant,dataStore_0
setIntArrayValuesInvariant,dataStore_0
setIntArrayValuesInvariant,dataStore_0
setIntArrayValuesInvariant,dataStore_0
setIntArrayValuesInvariant,dataStore_0
setIntArrayValuesInvariant,dataStore_0
setIntArrayValuesInvariant,dataStore_0
notRevertedPossibility,dataStore_0
notRevertedPossibility,dataStore_0
notRevertedPossibility,dataStore_0
notRevertedPossibility,dataStore_0
notRevertedPossibility,dataStore_0
notRevertedPossibility,dataStore_0
notRevertedPossibility,dataStore_0
setAddressSetsInvariant,dataStore_0
setAddressSetsInvariant,dataStore_0
setAddressSetsInvariant,dataStore_0
setAddressSetsInvariant,dataStore_0
setAddressSetsInvariant,dataStore_0
setAddressSetsInvariant,dataStore_0
setAddressSetsInvariant,dataStore_0
setAddressArrayValuesInvariant,dataStore_0
setAddressArrayValuesInvariant,dataStore_0
setAddressArrayValuesInvariant,dataStore_0
setAddressArrayValuesInvariant,dataStore_0
setAddressArrayValuesInvariant,dataStore_0
setAddressArrayValuesInvariant,dataStore_0
setAddressArrayValuesInvariant,dataStore_0
setUintSetsInvariant,dataStore_0
setUintSetsInvariant,dataStore_0
setUintSetsInvariant,dataStore_0
setUintSetsInvariant,dataStore_0
setUintSetsInvariant,dataStore_0
setUintSetsInvariant,dataStore_0
setUintSetsInvariant,dataStore_0
onlyControllerCouldModifyState,dataStore_0
onlyControllerCouldModifyState,dataStore_0
onlyControllerCouldModifyState,dataStore_0
onlyControllerCouldModifyState,dataStore_0
onlyControllerCouldModifyState,dataStore_0
onlyControllerCouldModifyState,dataStore_0
onlyControllerCouldModifyState,dataStore_0
setUintArrayValuesInvariant,dataStore_0
setUintArrayValuesInvariant,dataStore_0
setUintArrayValuesInvariant,dataStore_0
setUintArrayValuesInvariant,dataStore_0
setUintArrayValuesInvariant,dataStore_0
setUintArrayValuesInvariant,dataStore_0
setUintArrayValuesInvariant,dataStore_0
setStringArrayValuesInvariant,dataStore_0
setStringArrayValuesInvariant,dataStore_0
setStringArrayValuesInvariant,dataStore_0
setStringArrayValuesInvariant,dataStore_0
setStringArrayValuesInvariant,dataStore_0
setStringArrayValuesInvariant,dataStore_0
setStringArrayValuesInvariant,dataStore_0
setBoolArrayValuesInvariant,dataStore_0
setBoolArrayValuesInvariant,dataStore_0
setBoolArrayValuesInvariant,dataStore_0
setBoolArrayValuesInvariant,dataStore_0
setBoolArrayValuesInvariant,dataStore_0
setBoolArrayValuesInvariant,dataStore_0
setBoolArrayValuesInvariant,dataStore_0
setBytes32SetsInvariant,dataStore_0
setBytes32SetsInvariant,dataStore_0
setBytes32SetsInvariant,dataStore_0
setBytes32SetsInvariant,dataStore_0
setBytes32SetsInvariant,dataStore_0
setBytes32SetsInvariant,dataStore_0
setBytes32SetsInvariant,dataStore_0
setBytes32ArrayValuesInvariant,dataStore_0
setBytes32ArrayValuesInvariant,dataStore_0
setBytes32ArrayValuesInvariant,dataStore_0
setBytes32ArrayValuesInvariant,dataStore_0
setBytes32ArrayValuesInvariant,dataStore_0
setBytes32ArrayValuesInvariant,dataStore_0
setBytes32ArrayValuesInvariant,dataStore_0
setIntArrayValuesInvariant,dataStore_0
setIntArrayValuesInvariant,dataStore_0
setIntArrayValuesInvariant,dataStore_0
setIntArrayValuesInvariant,dataStore_0
setIntArrayValuesInvariant,dataStore_0
setIntArrayValuesInvariant,dataStore_0
setIntArrayValuesInvariant,dataStore_0
notRevertedPossibility,dataStore_0
notRevertedPossibility,dataStore_0
notRevertedPossibility,dataStore_0
notRevertedPossibility,dataStore_0
notRevertedPossibility,dataStore_0
notRevertedPossibility,dataStore_0
notRevertedPossibility,dataStore_0
setAddressSetsInvariant,dataStore_0
setAddressSetsInvariant,dataStore_0
setAddressSetsInvariant,dataStore_0
setAddressSetsInvariant,dataStore_0
setAddressSetsInvariant,dataStore_0
setAddressSetsInvariant,dataStore_0
setAddressSetsInvariant,dataStore_0
setAddressArrayValuesInvariant,dataStore_0
setAddressArrayValuesInvariant,dataStore_0
setAddressArrayValuesInvariant,dataStore_0
setAddressArrayValuesInvariant,dataStore_0
setAddressArrayValuesInvariant,dataStore_0
setAddressArrayValuesInvariant,dataStore_0
setAddressArrayValuesInvariant,dataStore_0
setUintSetsInvariant,dataStore_0
setUintSetsInvariant,dataStore_0
setUintSetsInvariant,dataStore_0
setUintSetsInvariant,dataStore_0
setUintSetsInvariant,dataStore_0
setUintSetsInvariant,dataStore_0
setUintSetsInvariant,dataStore_0
onlyControllerCouldModifyState,dataStore_0
onlyControllerCouldModifyState,dataStore_0
onlyControllerCouldModifyState,dataStore_0
onlyControllerCouldModifyState,dataStore_0
onlyControllerCouldModifyState,dataStore_0
onlyControllerCouldModifyState,dataStore_0
onlyControllerCouldModifyState,dataStore_0
setUintArrayValuesInvariant,dataStore_0
setUintArrayValuesInvariant,dataStore_0
setUintArrayValuesInvariant,dataStore_0
setUintArrayValuesInvariant,dataStore_0
setUintArrayValuesInvariant,dataStore_0
setUintArrayValuesInvariant,dataStore_0
setUintArrayValuesInvariant,dataStore_0
setStringArrayValuesInvariant,dataStore_0
setStringArrayValuesInvariant,dataStore_0
setStringArrayValuesInvariant,dataStore_0
setStringArrayValuesInvariant,dataStore_0
setStringArrayValuesInvariant,dataStore_0
setStringArrayValuesInvariant,dataStore_0
setStringArrayValuesInvariant,dataStore_0
setBoolArrayValuesInvariant,dataStore_0
setBoolArrayValuesInvariant,dataStore_0
setBoolArrayValuesInvariant,dataStore_0
setBoolArrayValuesInvariant,dataStore_0
setBoolArrayValuesInvariant,dataStore_0
setBoolArrayValuesInvariant,dataStore_0
setBoolArrayValuesInvariant,dataStore_0
setBytes32SetsInvariant,dataStore_0
setBytes32SetsInvariant,dataStore_0
setBytes32SetsInvariant,dataStore_0
setBytes32SetsInvariant,dataStore_0
setBytes32SetsInvariant,dataStore_0
setBytes32SetsInvariant,dataStore_0
setBytes32SetsInvariant,dataStore_0
setBytes32ArrayValuesInvariant,dataStore_0
setBytes32ArrayValuesInvariant,dataStore_0
setBytes32ArrayValuesInvariant,dataStore_0
setBytes32ArrayValuesInvariant,dataStore_0
setBytes32ArrayValuesInvariant,dataStore_0
setBytes32ArrayValuesInvariant,dataStore_0
setBytes32ArrayValuesInvariant,dataStore_0
setIntArrayValuesInvariant,dataStore_0
setIntArrayValuesInvariant,dataStore_0
setIntArrayValuesInvariant,dataStore_0
setIntArrayValuesInvariant,dataStore_0
setIntArrayValuesInvariant,dataStore_0
setIntArrayValuesInvariant,dataStore_0
setIntArrayValuesInvariant,dataStore_0
notRevertedPossibility,dataStore_0
notRevertedPossibility,dataStore_0
notRevertedPossibility,dataStore_0
notRevertedPossibility,dataStore_0
notRevertedPossibility,dataStore_0
notRevertedPossibility,dataStore_0
notRevertedPossibility,dataStore_0
setAddressSetsInvariant,dataStore_0
setAddressSetsInvariant,dataStore_0
setAddressSetsInvariant,dataStore_0
setAddressSetsInvariant,dataStore_0
setAddressSetsInvariant,dataStore_0
setAddressSetsInvariant,dataStore_0
setAddressSetsInvariant,dataStore_0
setAddressArrayValuesInvariant,dataStore_0
setAddressArrayValuesInvariant,dataStore_0
setAddressArrayValuesInvariant,dataStore_0
setAddressArrayValuesInvariant,dataStore_0
setAddressArrayValuesInvariant,dataStore_0
setAddressArrayValuesInvariant,dataStore_0
setAddressArrayValuesInvariant,dataStore_0
setUintSetsInvariant,dataStore_0
setUintSetsInvariant,dataStore_0
setUintSetsInvariant,dataStore_0
setUintSetsInvariant,dataStore_0
setUintSetsInvariant,dataStore_0
setUintSetsInvariant,dataStore_0
setUintSetsInvariant,dataStore_0
onlyControllerCouldModifyState,dataStore_0
onlyControllerCouldModifyState,dataStore_0
onlyControllerCouldModifyState,dataStore_0
onlyControllerCouldModifyState,dataStore_0
onlyControllerCouldModifyState,dataStore_0
onlyControllerCouldModifyState,dataStore_0
onlyControllerCouldModifyState,dataStore_0
setUintArrayValuesInvariant,dataStore_0
setUintArrayValuesInvariant,dataStore_0
setUintArrayValuesInvariant,dataStore_0
setUintArrayValuesInvariant,dataStore_0
setUintArrayValuesInvariant,dataStore_0
setUintArrayValuesInvariant,dataStore_0
setUintArrayValuesInvariant,dataStore_0
setUintArrayValuesInvariant,dataStore_0
setUintArrayValuesInvariant,dataStore_0
setStringArrayValuesInvariant,dataStore_0
setStringArrayValuesInvariant,dataStore_0
setStringArrayValuesInvariant,dataStore_0
setStringArrayValuesInvariant,dataStore_0
setStringArrayValuesInvariant,dataStore_0
setStringArrayValuesInvariant,dataStore_0
setStringArrayValuesInvariant,dataStore_0
setStringArrayValuesInvariant,dataStore_0
setStringArrayValuesInvariant,dataStore_0
setBoolArrayValuesInvariant,dataStore_0
setBoolArrayValuesInvariant,dataStore_0
setBoolArrayValuesInvariant,dataStore_0
setBoolArrayValuesInvariant,dataStore_0
setBoolArrayValuesInvariant,dataStore_0
setBoolArrayValuesInvariant,dataStore_0
setBoolArrayValuesInvariant,dataStore_0
setBoolArrayValuesInvariant,dataStore_0
setBoolArrayValuesInvariant,dataStore_0
setBytes32SetsInvariant,dataStore_0
setBytes32SetsInvariant,dataStore_0
setBytes32SetsInvariant,dataStore_0
setBytes32SetsInvariant,dataStore_0
setBytes32SetsInvariant,dataStore_0
setBytes32SetsInvariant,dataStore_0
setBytes32SetsInvariant,dataStore_0
setBytes32SetsInvariant,dataStore_0
setBytes32SetsInvariant,dataStore_0
setBytes32ArrayValuesInvariant,dataStore_0
setBytes32ArrayValuesInvariant,dataStore_0
setBytes32ArrayValuesInvariant,dataStore_0
setBytes32ArrayValuesInvariant,dataStore_0
setBytes32ArrayValuesInvariant,dataStore_0
setBytes32ArrayValuesInvariant,dataStore_0
setBytes32ArrayValuesInvariant,dataStore_0
setBytes32ArrayValuesInvariant,dataStore_0
setBytes32ArrayValuesInvariant,dataStore_0
setIntArrayValuesInvariant,dataStore_0
setIntArrayValuesInvariant,dataStore_0
setIntArrayValuesInvariant,dataStore_0
setIntArrayValuesInvariant,dataStore_0
setIntArrayValuesInvariant,dataStore_0
setIntArrayValuesInvariant,dataStore_0
setIntArrayValuesInvariant,dataStore_0
setIntArrayValuesInvariant,dataStore_0
setIntArrayValuesInvariant,dataStore_0
notRevertedPossibility,dataStore_0
notRevertedPossibility,dataStore_0
notRevertedPossibility,dataStore_0
notRevertedPossibility,dataStore_0
notRevertedPossibility,dataStore_0
notRevertedPossibility,dataStore_0
notRevertedPossibility,dataStore_0
notRevertedPossibility,dataStore_0
notRevertedPossibility,dataStore_0
setAddressSetsInvariant,dataStore_0
setAddressSetsInvariant,dataStore_0
setAddressSetsInvariant,dataStore_0
setAddressSetsInvariant,dataStore_0
setAddressSetsInvariant,dataStore_0
setAddressSetsInvariant,dataStore_0
setAddressSetsInvariant,dataStore_0
setAddressSetsInvariant,dataStore_0
setAddressSetsInvariant,dataStore_0
setAddressArrayValuesInvariant,dataStore_0
setAddressArrayValuesInvariant,dataStore_0
setAddressArrayValuesInvariant,dataStore_0
setAddressArrayValuesInvariant,dataStore_0
setAddressArrayValuesInvariant,dataStore_0
setAddressArrayValuesInvariant,dataStore_0
setAddressArrayValuesInvariant,dataStore_0
setAddressArrayValuesInvariant,dataStore_0
setAddressArrayValuesInvariant,dataStore_0
setUintSetsInvariant,dataStore_0
setUintSetsInvariant,dataStore_0
setUintSetsInvariant,dataStore_0
setUintSetsInvariant,dataStore_0
setUintSetsInvariant,dataStore_0
setUintSetsInvariant,dataStore_0
setUintSetsInvariant,dataStore_0
setUintSetsInvariant,dataStore_0
setUintSetsInvariant,dataStore_0
onlyControllerCouldModifyState,dataStore_0
onlyControllerCouldModifyState,dataStore_0
onlyControllerCouldModifyState,dataStore_0
onlyControllerCouldModifyState,dataStore_0
onlyControllerCouldModifyState,dataStore_0
onlyControllerCouldModifyState,dataStore_0
onlyControllerCouldModifyState,dataStore_0
onlyControllerCouldModifyState,dataStore_0
onlyControllerCouldModifyState,dataStore_0
setUintArrayValuesInvariant,dataStore_0
setUintArrayValuesInvariant,dataStore_0
setUintArrayValuesInvariant,dataStore_0
setUintArrayValuesInvariant,dataStore_0
setUintArrayValuesInvariant,dataStore_0
setUintArrayValuesInvariant,dataStore_0
setUintArrayValuesInvariant,dataStore_0
setUintArrayValuesInvariant,dataStore_0
setUintArrayValuesInvariant,dataStore_0
setStringArrayValuesInvariant,dataStore_0
setStringArrayValuesInvariant,dataStore_0
setStringArrayValuesInvariant,dataStore_0
setStringArrayValuesInvariant,dataStore_0
setStringArrayValuesInvariant,dataStore_0
setStringArrayValuesInvariant,dataStore_0
setStringArrayValuesInvariant,dataStore_0
setStringArrayValuesInvariant,dataStore_0
setStringArrayValuesInvariant,dataStore_0
setBoolArrayValuesInvariant,dataStore_0
setBoolArrayValuesInvariant,dataStore_0
setBoolArrayValuesInvariant,dataStore_0
setBoolArrayValuesInvariant,dataStore_0
setBoolArrayValuesInvariant,dataStore_0
setBoolArrayValuesInvariant,dataStore_0
setBoolArrayValuesInvariant,dataStore_0
setBoolArrayValuesInvariant,dataStore_0
setBoolArrayValuesInvariant,dataStore_0
setBytes32SetsInvariant,dataStore_0
setBytes32SetsInvariant,dataStore_0
setBytes32SetsInvariant,dataStore_0
setBytes32SetsInvariant,dataStore_0
setBytes32SetsInvariant,dataStore_0
setBytes32SetsInvariant,dataStore_0
setBytes32SetsInvariant,dataStore_0
setBytes32SetsInvariant,dataStore_0
setBytes32SetsInvariant,dataStore_0
setBytes32ArrayValuesInvariant,dataStore_0
setBytes32ArrayValuesInvariant,dataStore_0
setBytes32ArrayValuesInvariant,dataStore_0
setBytes32ArrayValuesInvariant,dataStore_0
setBytes32ArrayValuesInvariant,dataStore_0
setBytes32ArrayValuesInvariant,dataStore_0
setBytes32ArrayValuesInvariant,dataStore_0
setBytes32ArrayValuesInvariant,dataStore_0
setBytes32ArrayValuesInvariant,dataStore_0
setIntArrayValuesInvariant,dataStore_0
setIntArrayValuesInvariant,dataStore_0
setIntArrayValuesInvariant,dataStore_0
setIntArrayValuesInvariant,dataStore_0
setIntArrayValuesInvariant,dataStore_0
setIntArrayValuesInvariant,dataStore_0
setIntArrayValuesInvariant,dataStore_0
setIntArrayValuesInvariant,dataStore_0
setIntArrayValuesInvariant,dataStore_0
notRevertedPossibility,dataStore_0
notRevertedPossibility,dataStore_0
notRevertedPossibility,dataStore_0
notRevertedPossibility,dataStore_0
notRevertedPossibility,dataStore_0
notRevertedPossibility,dataStore_0
notRevertedPossibility,dataStore_0
notRevertedPossibility,dataStore_0
notRevertedPossibility,dataStore_0
setAddressSetsInvariant,dataStore_0
setAddressSetsInvariant,dataStore_0
setAddressSetsInvariant,dataStore_0
setAddressSetsInvariant,dataStore_0
setAddressSetsInvariant,dataStore_0
setAddressSetsInvariant,dataStore_0
setAddressSetsInvariant,dataStore_0
setAddressSetsInvariant,dataStore_0
setAddressSetsInvariant,dataStore_0
setAddressArrayValuesInvariant,dataStore_0
setAddressArrayValuesInvariant,dataStore_0
setAddressArrayValuesInvariant,dataStore_0
setAddressArrayValuesInvariant,dataStore_0
setAddressArrayValuesInvariant,dataStore_0
setAddressArrayValuesInvariant,dataStore_0
setAddressArrayValuesInvariant,dataStore_0
setAddressArrayValuesInvariant,dataStore_0
setAddressArrayValuesInvariant,dataStore_0
setUintSetsInvariant,dataStore_0
setUintSetsInvariant,dataStore_0
setUintSetsInvariant,dataStore_0
setUintSetsInvariant,dataStore_0
setUintSetsInvariant,dataStore_0
setUintSetsInvariant,dataStore_0
setUintSetsInvariant,dataStore_0
setUintSetsInvariant,dataStore_0
setUintSetsInvariant,dataStore_0
onlyControllerCouldModifyState,dataStore_0
onlyControllerCouldModifyState,dataStore_0
onlyControllerCouldModifyState,dataStore_0
onlyControllerCouldModifyState,dataStore_0
onlyControllerCouldModifyState,dataStore_0
onlyControllerCouldModifyState,dataStore_0
onlyControllerCouldModifyState,dataStore_0
onlyControllerCouldModifyState,dataStore_0
onlyControllerCouldModifyState,dataStore_0
setUintArrayValuesInvariant,dataStore_0
setUintArrayValuesInvariant,dataStore_0
setUintArrayValuesInvariant,dataStore_0
setUintArrayValuesInvariant,dataStore_0
setUintArrayValuesInvariant,dataStore_0
setUintArrayValuesInvariant,dataStore_0
setUintArrayValuesInvariant,dataStore_0
setUintArrayValuesInvariant,dataStore_0
setUintArrayValuesInvariant,dataStore_0
setStringArrayValuesInvariant,dataStore_0
setStringArrayValuesInvariant,dataStore_0
setStringArrayValuesInvariant,dataStore_0
setStringArrayValuesInvariant,dataStore_0
setStringArrayValuesInvariant,dataStore_0
setStringArrayValuesInvariant,dataStore_0
setStringArrayValuesInvariant,dataStore_0
setStringArrayValuesInvariant,dataStore_0
setStringArrayValuesInvariant,dataStore_0
setBoolArrayValuesInvariant,dataStore_0
setBoolArrayValuesInvariant,dataStore_0
setBoolArrayValuesInvariant,dataStore_0
setBoolArrayValuesInvariant,dataStore_0
setBoolArrayValuesInvariant,dataStore_0
setBoolArrayValuesInvariant,dataStore_0
setBoolArrayValuesInvariant,dataStore_0
setBoolArrayValuesInvariant,dataStore_0
setBoolArrayValuesInvariant,dataStore_0
setBytes32SetsInvariant,dataStore_0
setBytes32SetsInvariant,dataStore_0
setBytes32SetsInvariant,dataStore_0
setBytes32SetsInvariant,dataStore_0
setBytes32SetsInvariant,dataStore_0
setBytes32SetsInvariant,dataStore_0
setBytes32SetsInvariant,dataStore_0
setBytes32SetsInvariant,dataStore_0
setBytes32SetsInvariant,dataStore_0
setBytes32ArrayValuesInvariant,dataStore_0
setBytes32ArrayValuesInvariant,dataStore_0
setBytes32ArrayValuesInvariant,dataStore_0
setBytes32ArrayValuesInvariant,dataStore_0
setBytes32ArrayValuesInvariant,dataStore_0
setBytes32ArrayValuesInvariant,dataStore_0
setBytes32ArrayValuesInvariant,dataStore_0
setBytes32ArrayValuesInvariant,dataStore_0
setBytes32ArrayValuesInvariant,dataStore_0
setIntArrayValuesInvariant,dataStore_0
setIntArrayValuesInvariant,dataStore_0
setIntArrayValuesInvariant,dataStore_0
setIntArrayValuesInvariant,dataStore_0
setIntArrayValuesInvariant,dataStore_0
setIntArrayValuesInvariant,dataStore_0
setIntArrayValuesInvariant,dataStore_0
setIntArrayValuesInvariant,dataStore_0
setIntArrayValuesInvariant,dataStore_0
notRevertedPossibility,dataStore_0
notRevertedPossibility,dataStore_0
notRevertedPossibility,dataStore_0
notRevertedPossibility,dataStore_0
notRevertedPossibility,dataStore_0
notRevertedPossibility,dataStore_0
notRevertedPossibility,dataStore_0
notRevertedPossibility,dataStore_0
notRevertedPossibility,dataStore_0
setAddressSetsInvariant,dataStore_0
setAddressSetsInvariant,dataStore_0
setAddressSetsInvariant,dataStore_0
setAddressSetsInvariant,dataStore_0
setAddressSetsInvariant,dataStore_0
setAddressSetsInvariant,dataStore_0
setAddressSetsInvariant,dataStore_0
setAddressSetsInvariant,dataStore_0
setAddressSetsInvariant,dataStore_0
setAddressArrayValuesInvariant,dataStore_0
setAddressArrayValuesInvariant,dataStore_0
setAddressArrayValuesInvariant,dataStore_0
setAddressArrayValuesInvariant,dataStore_0
setAddressArrayValuesInvariant,dataStore_0
setAddressArrayValuesInvariant,dataStore_0
setAddressArrayValuesInvariant,dataStore_0
setAddressArrayValuesInvariant,dataStore_0
setAddressArrayValuesInvariant,dataStore_0
setUintSetsInvariant,dataStore_0
setUintSetsInvariant,dataStore_0
setUintSetsInvariant,dataStore_0
setUintSetsInvariant,dataStore_0
setUintSetsInvariant,dataStore_0
setUintSetsInvariant,dataStore_0
setUintSetsInvariant,dataStore_0
setUintSetsInvariant,dataStore_0
setUintSetsInvariant,dataStore_0
onlyControllerCouldModifyState,dataStore_0
onlyControllerCouldModifyState,dataStore_0
onlyControllerCouldModifyState,dataStore_0
onlyControllerCouldModifyState,dataStore_0
onlyControllerCouldModifyState,dataStore_0
onlyControllerCouldModifyState,dataStore_0
onlyControllerCouldModifyState,dataStore_0
onlyControllerCouldModifyState,dataStore_0
onlyControllerCouldModifyState,dataStore_0
notRevertedPossibility,oracle_0_rerun
notRevertedPossibility,oracle_0_rerun
notRevertedPossibility,oracle_0_rerun
notRevertedPossibility,oracle_0_rerun
notRevertedPossibility,oracle_0_rerun
notRevertedPossibility,oracle_0_rerun
notRevertedPossibility,oracle_0_rerun
notRevertedPossibility,oracle_0_rerun
notRevertedPossibility,oracle_0_rerun
notRevertedPossibility,oracle_0_rerun
notRevertedPossibility,oracle_0_rerun
notRevertedPossibility,oracle_0_rerun
notRevertedPossibility,oracle_0_rerun
notRevertedPossibility,oracle_0_rerun
notRevertedPossibility,oracle_0_rerun
notRevertedPossibility,oracle_0_rerun
notRevertedPossibility,oracle_0_rerun
notRevertedPossibility,oracle_0_rerun
setTokensWithPricesInvariant,oracle_0_rerun
setTokensWithPricesInvariant,oracle_0_rerun
setTokensWithPricesInvariant,oracle_0_rerun
setTokensWithPricesInvariant,oracle_0_rerun
setTokensWithPricesInvariant,oracle_0_rerun
setTokensWithPricesInvariant,oracle_0_rerun
setTokensWithPricesInvariant,oracle_0_rerun
setTokensWithPricesInvariant,oracle_0_rerun
setTokensWithPricesInvariant,oracle_0_rerun
setTokensWithPricesInvariant,oracle_0_rerun
setTokensWithPricesInvariant,oracle_0_rerun
setTokensWithPricesInvariant,oracle_0_rerun
setTokensWithPricesInvariant,oracle_0_rerun
setTokensWithPricesInvariant,oracle_0_rerun
setTokensWithPricesInvariant,oracle_0_rerun
setTokensWithPricesInvariant,oracle_0_rerun
setTokensWithPricesInvariant,oracle_0_rerun
setTokensWithPricesInvariant,oracle_0_rerun
primaryPricesExistsOnlyWithTokensWithPrices,oracle_0_rerun
primaryPricesExistsOnlyWithTokensWithPrices,oracle_0_rerun
primaryPricesExistsOnlyWithTokensWithPrices,oracle_0_rerun
primaryPricesExistsOnlyWithTokensWithPrices,oracle_0_rerun
primaryPricesExistsOnlyWithTokensWithPrices,oracle_0_rerun
primaryPricesExistsOnlyWithTokensWithPrices,oracle_0_rerun
primaryPricesExistsOnlyWithTokensWithPrices,oracle_0_rerun
primaryPricesExistsOnlyWithTokensWithPrices,oracle_0_rerun
primaryPricesExistsOnlyWithTokensWithPrices,oracle_0_rerun
primaryPricesExistsOnlyWithTokensWithPrices,oracle_0_rerun
primaryPricesExistsOnlyWithTokensWithPrices,oracle_0_rerun
primaryPricesExistsOnlyWithTokensWithPrices,oracle_0_rerun
primaryPricesExistsOnlyWithTokensWithPrices,oracle_0_rerun
primaryPricesExistsOnlyWithTokensWithPrices,oracle_0_rerun
primaryPricesExistsOnlyWithTokensWithPrices,oracle_0_rerun
primaryPricesExistsOnlyWithTokensWithPrices,oracle_0_rerun
primaryPricesExistsOnlyWithTokensWithPrices,oracle_0_rerun
primaryPricesExistsOnlyWithTokensWithPrices,oracle_0_rerun
onlyControllerCouldModifyState,oracle_0_rerun
onlyControllerCouldModifyState,oracle_0_rerun
onlyControllerCouldModifyState,oracle_0_rerun
onlyControllerCouldModifyState,oracle_0_rerun
onlyControllerCouldModifyState,oracle_0_rerun
onlyControllerCouldModifyState,oracle_0_rerun
onlyControllerCouldModifyState,oracle_0_rerun
onlyControllerCouldModifyState,oracle_0_rerun
onlyControllerCouldModifyState,oracle_0_rerun
onlyControllerCouldModifyState,oracle_0_rerun
onlyControllerCouldModifyState,oracle_0_rerun
onlyControllerCouldModifyState,oracle_0_rerun
onlyControllerCouldModifyState,oracle_0_rerun
onlyControllerCouldModifyState,oracle_0_rerun
onlyControllerCouldModifyState,oracle_0_rerun
onlyControllerCouldModifyState,oracle_0_rerun
onlyControllerCouldModifyState,oracle_0_rerun
setUintArrayValuesInvariant,dataStore_0
setUintArrayValuesInvariant,dataStore_0
setUintArrayValuesInvariant,dataStore_0
setUintArrayValuesInvariant,dataStore_0
setUintArrayValuesInvariant,dataStore_0
setUintArrayValuesInvariant,dataStore_0
setUintArrayValuesInvariant,dataStore_0
setUintArrayValuesInvariant,dataStore_0
setUintArrayValuesInvariant,dataStore_0
setStringArrayValuesInvariant,dataStore_0
setStringArrayValuesInvariant,dataStore_0
setStringArrayValuesInvariant,dataStore_0
setStringArrayValuesInvariant,dataStore_0
setStringArrayValuesInvariant,dataStore_0
setStringArrayValuesInvariant,dataStore_0
setStringArrayValuesInvariant,dataStore_0
setStringArrayValuesInvariant,dataStore_0
setStringArrayValuesInvariant,dataStore_0
setBoolArrayValuesInvariant,dataStore_0
setBoolArrayValuesInvariant,dataStore_0
setBoolArrayValuesInvariant,dataStore_0
setBoolArrayValuesInvariant,dataStore_0
setBoolArrayValuesInvariant,dataStore_0
setBoolArrayValuesInvariant,dataStore_0
setBoolArrayValuesInvariant,dataStore_0
setBoolArrayValuesInvariant,dataStore_0
setBoolArrayValuesInvariant,dataStore_0
setBytes32SetsInvariant,dataStore_0
setBytes32SetsInvariant,dataStore_0
setBytes32SetsInvariant,dataStore_0
setBytes32SetsInvariant,dataStore_0
setBytes32SetsInvariant,dataStore_0
setBytes32SetsInvariant,dataStore_0
setBytes32SetsInvariant,dataStore_0
setBytes32SetsInvariant,dataStore_0
setBytes32SetsInvariant,dataStore_0
setBytes32ArrayValuesInvariant,dataStore_0
setBytes32ArrayValuesInvariant,dataStore_0
setBytes32ArrayValuesInvariant,dataStore_0
setBytes32ArrayValuesInvariant,dataStore_0
setBytes32ArrayValuesInvariant,dataStore_0
setBytes32ArrayValuesInvariant,dataStore_0
setBytes32ArrayValuesInvariant,dataStore_0
setBytes32ArrayValuesInvariant,dataStore_0
setBytes32ArrayValuesInvariant,dataStore_0
setIntArrayValuesInvariant,dataStore_0
setIntArrayValuesInvariant,dataStore_0
setIntArrayValuesInvariant,dataStore_0
setIntArrayValuesInvariant,dataStore_0
setIntArrayValuesInvariant,dataStore_0
setIntArrayValuesInvariant,dataStore_0
setIntArrayValuesInvariant,dataStore_0
setIntArrayValuesInvariant,dataStore_0
setIntArrayValuesInvariant,dataStore_0
notRevertedPossibility,dataStore_0
notRevertedPossibility,dataStore_0
notRevertedPossibility,dataStore_0
notRevertedPossibility,dataStore_0
notRevertedPossibility,dataStore_0
notRevertedPossibility,dataStore_0
notRevertedPossibility,dataStore_0
notRevertedPossibility,dataStore_0
notRevertedPossibility,dataStore_0
setAddressSetsInvariant,dataStore_0
setAddressSetsInvariant,dataStore_0
setAddressSetsInvariant,dataStore_0
setAddressSetsInvariant,dataStore_0
setAddressSetsInvariant,dataStore_0
setAddressSetsInvariant,dataStore_0
setAddressSetsInvariant,dataStore_0
setAddressSetsInvariant,dataStore_0
setAddressSetsInvariant,dataStore_0
setAddressArrayValuesInvariant,dataStore_0
setAddressArrayValuesInvariant,dataStore_0
setAddressArrayValuesInvariant,dataStore_0
setAddressArrayValuesInvariant,dataStore_0
setAddressArrayValuesInvariant,dataStore_0
setAddressArrayValuesInvariant,dataStore_0
setAddressArrayValuesInvariant,dataStore_0
setAddressArrayValuesInvariant,dataStore_0
setAddressArrayValuesInvariant,dataStore_0
setUintSetsInvariant,dataStore_0
setUintSetsInvariant,dataStore_0
setUintSetsInvariant,dataStore_0
setUintSetsInvariant,dataStore_0
setUintSetsInvariant,dataStore_0
setUintSetsInvariant,dataStore_0
setUintSetsInvariant,dataStore_0
setUintSetsInvariant,dataStore_0
setUintSetsInvariant,dataStore_0
onlyControllerCouldModifyState,dataStore_0
onlyControllerCouldModifyState,dataStore_0
onlyControllerCouldModifyState,dataStore_0
onlyControllerCouldModifyState,dataStore_0
onlyControllerCouldModifyState,dataStore_0
onlyControllerCouldModifyState,dataStore_0
onlyControllerCouldModifyState,dataStore_0
onlyControllerCouldModifyState,dataStore_0
onlyControllerCouldModifyState,dataStore_0
notRevertedPossibility,oracle_0_rerun
notRevertedPossibility,oracle_0_rerun
notRevertedPossibility,oracle_0_rerun
notRevertedPossibility,oracle_0_rerun
notRevertedPossibility,oracle_0_rerun
notRevertedPossibility,oracle_0_rerun
notRevertedPossibility,oracle_0_rerun
notRevertedPossibility,oracle_0_rerun
notRevertedPossibility,oracle_0_rerun
notRevertedPossibility,oracle_0_rerun
notRevertedPossibility,oracle_0_rerun
notRevertedPossibility,oracle_0_rerun
notRevertedPossibility,oracle_0_rerun
notRevertedPossibility,oracle_0_rerun
notRevertedPossibility,oracle_0_rerun
notRevertedPossibility,oracle_0_rerun
notRevertedPossibility,oracle_0_rerun
setTokensWithPricesInvariant,oracle_0_rerun
setTokensWithPricesInvariant,oracle_0_rerun
setTokensWithPricesInvariant,oracle_0_rerun
setTokensWithPricesInvariant,oracle_0_rerun
setTokensWithPricesInvariant,oracle_0_rerun
setTokensWithPricesInvariant,oracle_0_rerun
setTokensWithPricesInvariant,oracle_0_rerun
setTokensWithPricesInvariant,oracle_0_rerun
setTokensWithPricesInvariant,oracle_0_rerun
setTokensWithPricesInvariant,oracle_0_rerun
setTokensWithPricesInvariant,oracle_0_rerun
setTokensWithPricesInvariant,oracle_0_rerun
setTokensWithPricesInvariant,oracle_0_rerun
setTokensWithPricesInvariant,oracle_0_rerun
setTokensWithPricesInvariant,oracle_0_rerun
setTokensWithPricesInvariant,oracle_0_rerun
setTokensWithPricesInvariant,oracle_0_rerun
primaryPricesExistsOnlyWithTokensWithPrices,oracle_0_rerun
primaryPricesExistsOnlyWithTokensWithPrices,oracle_0_rerun
primaryPricesExistsOnlyWithTokensWithPrices,oracle_0_rerun
primaryPricesExistsOnlyWithTokensWithPrices,oracle_0_rerun
primaryPricesExistsOnlyWithTokensWithPrices,oracle_0_rerun
primaryPricesExistsOnlyWithTokensWithPrices,oracle_0_rerun
primaryPricesExistsOnlyWithTokensWithPrices,oracle_0_rerun
primaryPricesExistsOnlyWithTokensWithPrices,oracle_0_rerun
primaryPricesExistsOnlyWithTokensWithPrices,oracle_0_rerun
primaryPricesExistsOnlyWithTokensWithPrices,oracle_0_rerun
primaryPricesExistsOnlyWithTokensWithPrices,oracle_0_rerun
primaryPricesExistsOnlyWithTokensWithPrices,oracle_0_rerun
primaryPricesExistsOnlyWithTokensWithPrices,oracle_0_rerun
primaryPricesExistsOnlyWithTokensWithPrices,oracle_0_rerun
primaryPricesExistsOnlyWithTokensWithPrices,oracle_0_rerun
primaryPricesExistsOnlyWithTokensWithPrices,oracle_0_rerun
primaryPricesExistsOnlyWithTokensWithPrices,oracle_0_rerun
onlyControllerCouldModifyState,oracle_0_rerun
onlyControllerCouldModifyState,oracle_0_rerun
onlyControllerCouldModifyState,oracle_0_rerun
onlyControllerCouldModifyState,oracle_0_rerun
onlyControllerCouldModifyState,oracle_0_rerun
onlyControllerCouldModifyState,oracle_0_rerun
onlyControllerCouldModifyState,oracle_0_rerun
onlyControllerCouldModifyState,oracle_0_rerun
onlyControllerCouldModifyState,oracle_0_rerun
onlyControllerCouldModifyState,oracle_0_rerun
onlyControllerCouldModifyState,oracle_0_rerun
onlyControllerCouldModifyState,oracle_0_rerun
onlyControllerCouldModifyState,oracle_0_rerun
onlyControllerCouldModifyState,oracle_0_rerun
onlyControllerCouldModifyState,oracle_0_rerun
onlyControllerCouldModifyState,oracle_0_rerun
setUintArrayValuesInvariant,dataStore_0
setUintArrayValuesInvariant,dataStore_0
setUintArrayValuesInvariant,dataStore_0
setUintArrayValuesInvariant,dataStore_0
setUintArrayValuesInvariant,dataStore_0
setUintArrayValuesInvariant,dataStore_0
setUintArrayValuesInvariant,dataStore_0
setUintArrayValuesInvariant,dataStore_0
setStringArrayValuesInvariant,dataStore_0
setStringArrayValuesInvariant,dataStore_0
setStringArrayValuesInvariant,dataStore_0
setStringArrayValuesInvariant,dataStore_0
setStringArrayValuesInvariant,dataStore_0
setStringArrayValuesInvariant,dataStore_0
setStringArrayValuesInvariant,dataStore_0
setStringArrayValuesInvariant,dataStore_0
setBoolArrayValuesInvariant,dataStore_0
setBoolArrayValuesInvariant,dataStore_0
setBoolArrayValuesInvariant,dataStore_0
setBoolArrayValuesInvariant,dataStore_0
setBoolArrayValuesInvariant,dataStore_0
setBoolArrayValuesInvariant,dataStore_0
setBoolArrayValuesInvariant,dataStore_0
setBoolArrayValuesInvariant,dataStore_0
setBytes32SetsInvariant,dataStore_0
setBytes32SetsInvariant,dataStore_0
setBytes32SetsInvariant,dataStore_0
setBytes32SetsInvariant,dataStore_0
setBytes32SetsInvariant,dataStore_0
setBytes32SetsInvariant,dataStore_0
setBytes32SetsInvariant,dataStore_0
setBytes32SetsInvariant,dataStore_0
setBytes32ArrayValuesInvariant,dataStore_0
setBytes32ArrayValuesInvariant,dataStore_0
setBytes32ArrayValuesInvariant,dataStore_0
setBytes32ArrayValuesInvariant,dataStore_0
setBytes32ArrayValuesInvariant,dataStore_0
setBytes32ArrayValuesInvariant,dataStore_0
setBytes32ArrayValuesInvariant,dataStore_0
setBytes32ArrayValuesInvariant,dataStore_0
setIntArrayValuesInvariant,dataStore_0
setIntArrayValuesInvariant,dataStore_0
setIntArrayValuesInvariant,dataStore_0
setIntArrayValuesInvariant,dataStore_0
setIntArrayValuesInvariant,dataStore_0
setIntArrayValuesInvariant,dataStore_0
setIntArrayValuesInvariant,dataStore_0
setIntArrayValuesInvariant,dataStore_0
notRevertedPossibility,dataStore_0
notRevertedPossibility,dataStore_0
notRevertedPossibility,dataStore_0
notRevertedPossibility,dataStore_0
notRevertedPossibility,dataStore_0
notRevertedPossibility,dataStore_0
notRevertedPossibility,dataStore_0
notRevertedPossibility,dataStore_0
setAddressSetsInvariant,dataStore_0
setAddressSetsInvariant,dataStore_0
setAddressSetsInvariant,dataStore_0
setAddressSetsInvariant,dataStore_0
setAddressSetsInvariant,dataStore_0
setAddressSetsInvariant,dataStore_0
setAddressSetsInvariant,dataStore_0
setAddressSetsInvariant,dataStore_0
setAddressArrayValuesInvariant,dataStore_0
setAddressArrayValuesInvariant,dataStore_0
setAddressArrayValuesInvariant,dataStore_0
setAddressArrayValuesInvariant,dataStore_0
setAddressArrayValuesInvariant,dataStore_0
setAddressArrayValuesInvariant,dataStore_0
setAddressArrayValuesInvariant,dataStore_0
setAddressArrayValuesInvariant,dataStore_0
setUintSetsInvariant,dataStore_0
setUintSetsInvariant,dataStore_0
setUintSetsInvariant,dataStore_0
setUintSetsInvariant,dataStore_0
setUintSetsInvariant,dataStore_0
setUintSetsInvariant,dataStore_0
setUintSetsInvariant,dataStore_0
setUintSetsInvariant,dataStore_0
onlyControllerCouldModifyState,dataStore_0
onlyControllerCouldModifyState,dataStore_0
onlyControllerCouldModifyState,dataStore_0
onlyControllerCouldModifyState,dataStore_0
onlyControllerCouldModifyState,dataStore_0
onlyControllerCouldModifyState,dataStore_0
onlyControllerCouldModifyState,dataStore_0
onlyControllerCouldModifyState,dataStore_0
notRevertedPossibility,oracle_0_rerun
notRevertedPossibility,oracle_0_rerun
notRevertedPossibility,oracle_0_rerun
notRevertedPossibility,oracle_0_rerun
notRevertedPossibility,oracle_0_rerun
notRevertedPossibility,oracle_0_rerun
notRevertedPossibility,oracle_0_rerun
notRevertedPossibility,oracle_0_rerun
notRevertedPossibility,oracle_0_rerun
notRevertedPossibility,oracle_0_rerun
notRevertedPossibility,oracle_0_rerun
notRevertedPossibility,oracle_0_rerun
notRevertedPossibility,oracle_0_rerun
notRevertedPossibility,oracle_0_rerun
notRevertedPossibility,oracle_0_rerun
notRevertedPossibility,oracle_0_rerun
notRevertedPossibility,oracle_0_rerun
notRevertedPossibility,oracle_0_rerun
setTokensWithPricesInvariant,oracle_0_rerun
setTokensWithPricesInvariant,oracle_0_rerun
setTokensWithPricesInvariant,oracle_0_rerun
setTokensWithPricesInvariant,oracle_0_rerun
setTokensWithPricesInvariant,oracle_0_rerun
setTokensWithPricesInvariant,oracle_0_rerun
setTokensWithPricesInvariant,oracle_0_rerun
setTokensWithPricesInvariant,oracle_0_rerun
setTokensWithPricesInvariant,oracle_0_rerun
setTokensWithPricesInvariant,oracle_0_rerun
setTokensWithPricesInvariant,oracle_0_rerun
setTokensWithPricesInvariant,oracle_0_rerun
setTokensWithPricesInvariant,oracle_0_rerun
setTokensWithPricesInvariant,oracle_0_rerun
setTokensWithPricesInvariant,oracle_0_rerun
setTokensWithPricesInvariant,oracle_0_rerun
setTokensWithPricesInvariant,oracle_0_rerun
setTokensWithPricesInvariant,oracle_0_rerun
primaryPricesExistsOnlyWithTokensWithPrices,oracle_0_rerun
primaryPricesExistsOnlyWithTokensWithPrices,oracle_0_rerun
primaryPricesExistsOnlyWithTokensWithPrices,oracle_0_rerun
primaryPricesExistsOnlyWithTokensWithPrices,oracle_0_rerun
primaryPricesExistsOnlyWithTokensWithPrices,oracle_0_rerun
primaryPricesExistsOnlyWithTokensWithPrices,oracle_0_rerun
primaryPricesExistsOnlyWithTokensWithPrices,oracle_0_rerun
primaryPricesExistsOnlyWithTokensWithPrices,oracle_0_rerun
primaryPricesExistsOnlyWithTokensWithPrices,oracle_0_rerun
primaryPricesExistsOnlyWithTokensWithPrices,oracle_0_rerun
primaryPricesExistsOnlyWithTokensWithPrices,oracle_0_rerun
primaryPricesExistsOnlyWithTokensWithPrices,oracle_0_rerun
primaryPricesExistsOnlyWithTokensWithPrices,oracle_0_rerun
primaryPricesExistsOnlyWithTokensWithPrices,oracle_0_rerun
primaryPricesExistsOnlyWithTokensWithPrices,oracle_0_rerun
primaryPricesExistsOnlyWithTokensWithPrices,oracle_0_rerun
primaryPricesExistsOnlyWithTokensWithPrices,oracle_0_rerun
primaryPricesExistsOnlyWithTokensWithPrices,oracle_0_rerun
onlyControllerCouldModifyState,oracle_0_rerun
onlyControllerCouldModifyState,oracle_0_rerun
onlyControllerCouldModifyState,oracle_0_rerun
onlyControllerCouldModifyState,oracle_0_rerun
onlyControllerCouldModifyState,oracle_0_rerun
onlyControllerCouldModifyState,oracle_0_rerun
onlyControllerCouldModifyState,oracle_0_rerun
onlyControllerCouldModifyState,oracle_0_rerun
onlyControllerCouldModifyState,oracle_0_rerun
onlyControllerCouldModifyState,oracle_0_rerun
onlyControllerCouldModifyState,oracle_0_rerun
onlyControllerCouldModifyState,oracle_0_rerun
onlyControllerCouldModifyState,oracle_0_rerun
onlyControllerCouldModifyState,oracle_0_rerun
onlyControllerCouldModifyState,oracle_0_rerun
onlyControllerCouldModifyState,oracle_0_rerun
onlyControllerCouldModifyState,oracle_0_rerun
setUintArrayValuesInvariant,dataStore_0
setUintArrayValuesInvariant,dataStore_0
setUintArrayValuesInvariant,dataStore_0
setUintArrayValuesInvariant,dataStore_0
setUintArrayValuesInvariant,dataStore_0
setUintArrayValuesInvariant,dataStore_0
setUintArrayValuesInvariant,dataStore_0
setUintArrayValuesInvariant,dataStore_0
setUintArrayValuesInvariant,dataStore_0
setStringArrayValuesInvariant,dataStore_0
setStringArrayValuesInvariant,dataStore_0
setStringArrayValuesInvariant,dataStore_0
setStringArrayValuesInvariant,dataStore_0
setStringArrayValuesInvariant,dataStore_0
setStringArrayValuesInvariant,dataStore_0
setStringArrayValuesInvariant,dataStore_0
setStringArrayValuesInvariant,dataStore_0
setStringArrayValuesInvariant,dataStore_0
setBoolArrayValuesInvariant,dataStore_0
setBoolArrayValuesInvariant,dataStore_0
setBoolArrayValuesInvariant,dataStore_0
setBoolArrayValuesInvariant,dataStore_0
setBoolArrayValuesInvariant,dataStore_0
setBoolArrayValuesInvariant,dataStore_0
setBoolArrayValuesInvariant,dataStore_0
setBoolArrayValuesInvariant,dataStore_0
setBoolArrayValuesInvariant,dataStore_0
setBytes32SetsInvariant,dataStore_0
setBytes32SetsInvariant,dataStore_0
setBytes32SetsInvariant,dataStore_0
setBytes32SetsInvariant,dataStore_0
setBytes32SetsInvariant,dataStore_0
setBytes32SetsInvariant,dataStore_0
setBytes32SetsInvariant,dataStore_0
setBytes32SetsInvariant,dataStore_0
setBytes32SetsInvariant,dataStore_0
setBytes32ArrayValuesInvariant,dataStore_0
setBytes32ArrayValuesInvariant,dataStore_0
setBytes32ArrayValuesInvariant,dataStore_0
setBytes32ArrayValuesInvariant,dataStore_0
setBytes32ArrayValuesInvariant,dataStore_0
setBytes32ArrayValuesInvariant,dataStore_0
setBytes32ArrayValuesInvariant,dataStore_0
setBytes32ArrayValuesInvariant,dataStore_0
setBytes32ArrayValuesInvariant,dataStore_0
setIntArrayValuesInvariant,dataStore_0
setIntArrayValuesInvariant,dataStore_0
setIntArrayValuesInvariant,dataStore_0
setIntArrayValuesInvariant,dataStore_0
setIntArrayValuesInvariant,dataStore_0
setIntArrayValuesInvariant,dataStore_0
setIntArrayValuesInvariant,dataStore_0
setIntArrayValuesInvariant,dataStore_0
setIntArrayValuesInvariant,dataStore_0
notRevertedPossibility,dataStore_0
notRevertedPossibility,dataStore_0
notRevertedPossibility,dataStore_0
notRevertedPossibility,dataStore_0
notRevertedPossibility,dataStore_0
notRevertedPossibility,dataStore_0
notRevertedPossibility,dataStore_0
notRevertedPossibility,dataStore_0
notRevertedPossibility,dataStore_0
setAddressSetsInvariant,dataStore_0
setAddressSetsInvariant,dataStore_0
setAddressSetsInvariant,dataStore_0
setAddressSetsInvariant,dataStore_0
setAddressSetsInvariant,dataStore_0
setAddressSetsInvariant,dataStore_0
setAddressSetsInvariant,dataStore_0
setAddressSetsInvariant,dataStore_0
setAddressSetsInvariant,dataStore_0
setAddressArrayValuesInvariant,dataStore_0
setAddressArrayValuesInvariant,dataStore_0
setAddressArrayValuesInvariant,dataStore_0
setAddressArrayValuesInvariant,dataStore_0
setAddressArrayValuesInvariant,dataStore_0
setAddressArrayValuesInvariant,dataStore_0
setAddressArrayValuesInvariant,dataStore_0
setAddressArrayValuesInvariant,dataStore_0
setAddressArrayValuesInvariant,dataStore_0
setUintSetsInvariant,dataStore_0
setUintSetsInvariant,dataStore_0
setUintSetsInvariant,dataStore_0
setUintSetsInvariant,dataStore_0
setUintSetsInvariant,dataStore_0
setUintSetsInvariant,dataStore_0
setUintSetsInvariant,dataStore_0
setUintSetsInvariant,dataStore_0
setUintSetsInvariant,dataStore_0
onlyControllerCouldModifyState,dataStore_0
onlyControllerCouldModifyState,dataStore_0
onlyControllerCouldModifyState,dataStore_0
onlyControllerCouldModifyState,dataStore_0
onlyControllerCouldModifyState,dataStore_0
onlyControllerCouldModifyState,dataStore_0
onlyControllerCouldModifyState,dataStore_0
onlyControllerCouldModifyState,dataStore_0
onlyControllerCouldModifyState,dataStore_0
notRevertedPossibility,oracle_0_rerun
notRevertedPossibility,oracle_0_rerun
notRevertedPossibility,oracle_0_rerun
notRevertedPossibility,oracle_0_rerun
notRevertedPossibility,oracle_0_rerun
notRevertedPossibility,oracle_0_rerun
notRevertedPossibility,oracle_0_rerun
notRevertedPossibility,oracle_0_rerun
notRevertedPossibility,oracle_0_rerun
notRevertedPossibility,oracle_0_rerun
notRevertedPossibility,oracle_0_rerun
notRevertedPossibility,oracle_0_rerun
notRevertedPossibility,oracle_0_rerun
notRevertedPossibility,oracle_0_rerun
notRevertedPossibility,oracle_0_rerun
notRevertedPossibility,oracle_0_rerun
notRevertedPossibility,oracle_0_rerun
notRevertedPossibility,oracle_0_rerun
setTokensWithPricesInvariant,oracle_0_rerun
setTokensWithPricesInvariant,oracle_0_rerun
setTokensWithPricesInvariant,oracle_0_rerun
setTokensWithPricesInvariant,oracle_0_rerun
setTokensWithPricesInvariant,oracle_0_rerun
setTokensWithPricesInvariant,oracle_0_rerun
setTokensWithPricesInvariant,oracle_0_rerun
setTokensWithPricesInvariant,oracle_0_rerun
setTokensWithPricesInvariant,oracle_0_rerun
setTokensWithPricesInvariant,oracle_0_rerun
setTokensWithPricesInvariant,oracle_0_rerun
setTokensWithPricesInvariant,oracle_0_rerun
setTokensWithPricesInvariant,oracle_0_rerun
setTokensWithPricesInvariant,oracle_0_rerun
setTokensWithPricesInvariant,oracle_0_rerun
setTokensWithPricesInvariant,oracle_0_rerun
setTokensWithPricesInvariant,oracle_0_rerun
setTokensWithPricesInvariant,oracle_0_rerun
primaryPricesExistsOnlyWithTokensWithPrices,oracle_0_rerun
primaryPricesExistsOnlyWithTokensWithPrices,oracle_0_rerun
primaryPricesExistsOnlyWithTokensWithPrices,oracle_0_rerun
primaryPricesExistsOnlyWithTokensWithPrices,oracle_0_rerun
primaryPricesExistsOnlyWithTokensWithPrices,oracle_0_rerun
primaryPricesExistsOnlyWithTokensWithPrices,oracle_0_rerun
primaryPricesExistsOnlyWithTokensWithPrices,oracle_0_rerun
primaryPricesExistsOnlyWithTokensWithPrices,oracle_0_rerun
primaryPricesExistsOnlyWithTokensWithPrices,oracle_0_rerun
primaryPricesExistsOnlyWithTokensWithPrices,oracle_0_rerun
primaryPricesExistsOnlyWithTokensWithPrices,oracle_0_rerun
primaryPricesExistsOnlyWithTokensWithPrices,oracle_0_rerun
primaryPricesExistsOnlyWithTokensWithPrices,oracle_0_rerun
primaryPricesExistsOnlyWithTokensWithPrices,oracle_0_rerun
primaryPricesExistsOnlyWithTokensWithPrices,oracle_0_rerun
primaryPricesExistsOnlyWithTokensWithPrices,oracle_0_rerun
primaryPricesExistsOnlyWithTokensWithPrices,oracle_0_rerun
primaryPricesExistsOnlyWithTokensWithPrices,oracle_0_rerun
onlyControllerCouldModifyState,oracle_0_rerun
onlyControllerCouldModifyState,oracle_0_rerun
onlyControllerCouldModifyState,oracle_0_rerun
onlyControllerCouldModifyState,oracle_0_rerun
onlyControllerCouldModifyState,oracle_0_rerun
onlyControllerCouldModifyState,oracle_0_rerun
onlyControllerCouldModifyState,oracle_0_rerun
onlyControllerCouldModifyState,oracle_0_rerun
onlyControllerCouldModifyState,oracle_0_rerun
onlyControllerCouldModifyState,oracle_0_rerun
onlyControllerCouldModifyState,oracle_0_rerun
onlyControllerCouldModifyState,oracle_0_rerun
onlyControllerCouldModifyState,oracle_0_rerun
onlyControllerCouldModifyState,oracle_0_rerun
onlyControllerCouldModifyState,oracle_0_rerun
onlyControllerCouldModifyState,oracle_0_rerun
onlyControllerCouldModifyState,oracle_0_rerun
setUintArrayValuesInvariant,dataStore_0
setUintArrayValuesInvariant,dataStore_0
setUintArrayValuesInvariant,dataStore_0
setUintArrayValuesInvariant,dataStore_0
setUintArrayValuesInvariant,dataStore_0
setUintArrayValuesInvariant,dataStore_0
setUintArrayValuesInvariant,dataStore_0
setUintArrayValuesInvariant,dataStore_0
setUintArrayValuesInvariant,dataStore_0
setStringArrayValuesInvariant,dataStore_0
setStringArrayValuesInvariant,dataStore_0
setStringArrayValuesInvariant,dataStore_0
setStringArrayValuesInvariant,dataStore_0
setStringArrayValuesInvariant,dataStore_0
setStringArrayValuesInvariant,dataStore_0
setStringArrayValuesInvariant,dataStore_0
setStringArrayValuesInvariant,dataStore_0
setStringArrayValuesInvariant,dataStore_0
setBoolArrayValuesInvariant,dataStore_0
setBoolArrayValuesInvariant,dataStore_0
setBoolArrayValuesInvariant,dataStore_0
setBoolArrayValuesInvariant,dataStore_0
setBoolArrayValuesInvariant,dataStore_0
setBoolArrayValuesInvariant,dataStore_0
setBoolArrayValuesInvariant,dataStore_0
setBoolArrayValuesInvariant,dataStore_0
setBoolArrayValuesInvariant,dataStore_0
setBytes32SetsInvariant,dataStore_0
setBytes32SetsInvariant,dataStore_0
setBytes32SetsInvariant,dataStore_0
setBytes32SetsInvariant,dataStore_0
setBytes32SetsInvariant,dataStore_0
setBytes32SetsInvariant,dataStore_0
setBytes32SetsInvariant,dataStore_0
setBytes32SetsInvariant,dataStore_0
setBytes32SetsInvariant,dataStore_0
setBytes32ArrayValuesInvariant,dataStore_0
setBytes32ArrayValuesInvariant,dataStore_0
setBytes32ArrayValuesInvariant,dataStore_0
setBytes32ArrayValuesInvariant,dataStore_0
setBytes32ArrayValuesInvariant,dataStore_0
setBytes32ArrayValuesInvariant,dataStore_0
setBytes32ArrayValuesInvariant,dataStore_0
setBytes32ArrayValuesInvariant,dataStore_0
setBytes32ArrayValuesInvariant,dataStore_0
setIntArrayValuesInvariant,dataStore_0
setIntArrayValuesInvariant,dataStore_0
setIntArrayValuesInvariant,dataStore_0
setIntArrayValuesInvariant,dataStore_0
setIntArrayValuesInvariant,dataStore_0
setIntArrayValuesInvariant,dataStore_0
setIntArrayValuesInvariant,dataStore_0
setIntArrayValuesInvariant,dataStore_0
setIntArrayValuesInvariant,dataStore_0
notRevertedPossibility,dataStore_0
notRevertedPossibility,dataStore_0
notRevertedPossibility,dataStore_0
notRevertedPossibility,dataStore_0
notRevertedPossibility,dataStore_0
notRevertedPossibility,dataStore_0
notRevertedPossibility,dataStore_0
notRevertedPossibility,dataStore_0
notRevertedPossibility,dataStore_0
setAddressSetsInvariant,dataStore_0
setAddressSetsInvariant,dataStore_0
setAddressSetsInvariant,dataStore_0
setAddressSetsInvariant,dataStore_0
setAddressSetsInvariant,dataStore_0
setAddressSetsInvariant,dataStore_0
setAddressSetsInvariant,dataStore_0
setAddressSetsInvariant,dataStore_0
setAddressSetsInvariant,dataStore_0
setAddressArrayValuesInvariant,dataStore_0
setAddressArrayValuesInvariant,dataStore_0
setAddressArrayValuesInvariant,dataStore_0
setAddressArrayValuesInvariant,dataStore_0
setAddressArrayValuesInvariant,dataStore_0
setAddressArrayValuesInvariant,dataStore_0
setAddressArrayValuesInvariant,dataStore_0
setAddressArrayValuesInvariant,dataStore_0
setAddressArrayValuesInvariant,dataStore_0
setUintSetsInvariant,dataStore_0
setUintSetsInvariant,dataStore_0
setUintSetsInvariant,dataStore_0
setUintSetsInvariant,dataStore_0
setUintSetsInvariant,dataStore_0
setUintSetsInvariant,dataStore_0
setUintSetsInvariant,dataStore_0
setUintSetsInvariant,dataStore_0
setUintSetsInvariant,dataStore_0
onlyControllerCouldModifyState,dataStore_0
onlyControllerCouldModifyState,dataStore_0
onlyControllerCouldModifyState,dataStore_0
onlyControllerCouldModifyState,dataStore_0
onlyControllerCouldModifyState,dataStore_0
onlyControllerCouldModifyState,dataStore_0
onlyControllerCouldModifyState,dataStore_0
onlyControllerCouldModifyState,dataStore_0
onlyControllerCouldModifyState,dataStore_0
notRevertedPossibility,oracle_0_rerun
notRevertedPossibility,oracle_0_rerun
notRevertedPossibility,oracle_0_rerun
notRevertedPossibility,oracle_0_rerun
notRevertedPossibility,oracle_0_rerun
notRevertedPossibility,oracle_0_rerun
notRevertedPossibility,oracle_0_rerun
notRevertedPossibility,oracle_0_rerun
notRevertedPossibility,oracle_0_rerun
notRevertedPossibility,oracle_0_rerun
notRevertedPossibility,oracle_0_rerun
notRevertedPossibility,oracle_0_rerun
notRevertedPossibility,oracle_0_rerun
notRevertedPossibility,oracle_0_rerun
notRevertedPossibility,oracle_0_rerun
notRevertedPossibility,oracle_0_rerun
notRevertedPossibility,oracle_0_rerun
notRevertedPossibility,oracle_0_rerun
setTokensWithPricesInvariant,oracle_0_rerun
setTokensWithPricesInvariant,oracle_0_rerun
setTokensWithPricesInvariant,oracle_0_rerun
setTokensWithPricesInvariant,oracle_0_rerun
setTokensWithPricesInvariant,oracle_0_rerun
setTokensWithPricesInvariant,oracle_0_rerun
setTokensWithPricesInvariant,oracle_0_rerun
setTokensWithPricesInvariant,oracle_0_rerun
setTokensWithPricesInvariant,oracle_0_rerun
setTokensWithPricesInvariant,oracle_0_rerun
setTokensWithPricesInvariant,oracle_0_rerun
setTokensWithPricesInvariant,oracle_0_rerun
setTokensWithPricesInvariant,oracle_0_rerun
setTokensWithPricesInvariant,oracle_0_rerun
setTokensWithPricesInvariant,oracle_0_rerun
setTokensWithPricesInvariant,oracle_0_rerun
setTokensWithPricesInvariant,oracle_0_rerun
setTokensWithPricesInvariant,oracle_0_rerun
primaryPricesExistsOnlyWithTokensWithPrices,oracle_0_rerun
primaryPricesExistsOnlyWithTokensWithPrices,oracle_0_rerun
primaryPricesExistsOnlyWithTokensWithPrices,oracle_0_rerun
primaryPricesExistsOnlyWithTokensWithPrices,oracle_0_rerun
primaryPricesExistsOnlyWithTokensWithPrices,oracle_0_rerun
primaryPricesExistsOnlyWithTokensWithPrices,oracle_0_rerun
primaryPricesExistsOnlyWithTokensWithPrices,oracle_0_rerun
primaryPricesExistsOnlyWithTokensWithPrices,oracle_0_rerun
primaryPricesExistsOnlyWithTokensWithPrices,oracle_0_rerun
primaryPricesExistsOnlyWithTokensWithPrices,oracle_0_rerun
primaryPricesExistsOnlyWithTokensWithPrices,oracle_0_rerun
primaryPricesExistsOnlyWithTokensWithPrices,oracle_0_rerun
primaryPricesExistsOnlyWithTokensWithPrices,oracle_0_rerun
primaryPricesExistsOnlyWithTokensWithPrices,oracle_0_rerun
primaryPricesExistsOnlyWithTokensWithPrices,oracle_0_rerun
primaryPricesExistsOnlyWithTokensWithPrices,oracle_0_rerun
primaryPricesExistsOnlyWithTokensWithPrices,oracle_0_rerun
primaryPricesExistsOnlyWithTokensWithPrices,oracle_0_rerun
onlyControllerCouldModifyState,oracle_0_rerun
onlyControllerCouldModifyState,oracle_0_rerun
onlyControllerCouldModifyState,oracle_0_rerun
onlyControllerCouldModifyState,oracle_0_rerun
onlyControllerCouldModifyState,oracle_0_rerun
onlyControllerCouldModifyState,oracle_0_rerun
onlyControllerCouldModifyState,oracle_0_rerun
onlyControllerCouldModifyState,oracle_0_rerun
onlyControllerCouldModifyState,oracle_0_rerun
onlyControllerCouldModifyState,oracle_0_rerun
onlyControllerCouldModifyState,oracle_0_rerun
onlyControllerCouldModifyState,oracle_0_rerun
onlyControllerCouldModifyState,oracle_0_rerun
onlyControllerCouldModifyState,oracle_0_rerun
onlyControllerCouldModifyState,oracle_0_rerun
onlyControllerCouldModifyState,oracle_0_rerun
onlyControllerCouldModifyState,oracle_0_rerun
setUintArrayValuesInvariant,dataStore_0
setUintArrayValuesInvariant,dataStore_0
setUintArrayValuesInvariant,dataStore_0
setUintArrayValuesInvariant,dataStore_0
setUintArrayValuesInvariant,dataStore_0
setUintArrayValuesInvariant,dataStore_0
setUintArrayValuesInvariant,dataStore_0
setUintArrayValuesInvariant,dataStore_0
setUintArrayValuesInvariant,dataStore_0
setStringArrayValuesInvariant,dataStore_0
setStringArrayValuesInvariant,dataStore_0
setStringArrayValuesInvariant,dataStore_0
setStringArrayValuesInvariant,dataStore_0
setStringArrayValuesInvariant,dataStore_0
setStringArrayValuesInvariant,dataStore_0
setStringArrayValuesInvariant,dataStore_0
setStringArrayValuesInvariant,dataStore_0
setStringArrayValuesInvariant,dataStore_0
setBoolArrayValuesInvariant,dataStore_0
setBoolArrayValuesInvariant,dataStore_0
setBoolArrayValuesInvariant,dataStore_0
setBoolArrayValuesInvariant,dataStore_0
setBoolArrayValuesInvariant,dataStore_0
setBoolArrayValuesInvariant,dataStore_0
setBoolArrayValuesInvariant,dataStore_0
setBoolArrayValuesInvariant,dataStore_0
setBoolArrayValuesInvariant,dataStore_0
setBytes32SetsInvariant,dataStore_0
setBytes32SetsInvariant,dataStore_0
setBytes32SetsInvariant,dataStore_0
setBytes32SetsInvariant,dataStore_0
setBytes32SetsInvariant,dataStore_0
setBytes32SetsInvariant,dataStore_0
setBytes32SetsInvariant,dataStore_0
setBytes32SetsInvariant,dataStore_0
setBytes32SetsInvariant,dataStore_0
setBytes32ArrayValuesInvariant,dataStore_0
setBytes32ArrayValuesInvariant,dataStore_0
setBytes32ArrayValuesInvariant,dataStore_0
setBytes32ArrayValuesInvariant,dataStore_0
setBytes32ArrayValuesInvariant,dataStore_0
setBytes32ArrayValuesInvariant,dataStore_0
setBytes32ArrayValuesInvariant,dataStore_0
setBytes32ArrayValuesInvariant,dataStore_0
setBytes32ArrayValuesInvariant,dataStore_0
setIntArrayValuesInvariant,dataStore_0
setIntArrayValuesInvariant,dataStore_0
setIntArrayValuesInvariant,dataStore_0
setIntArrayValuesInvariant,dataStore_0
setIntArrayValuesInvariant,dataStore_0
setIntArrayValuesInvariant,dataStore_0
setIntArrayValuesInvariant,dataStore_0
setIntArrayValuesInvariant,dataStore_0
setIntArrayValuesInvariant,dataStore_0
notRevertedPossibility,dataStore_0
notRevertedPossibility,dataStore_0
notRevertedPossibility,dataStore_0
notRevertedPossibility,dataStore_0
notRevertedPossibility,dataStore_0
notRevertedPossibility,dataStore_0
notRevertedPossibility,dataStore_0
notRevertedPossibility,dataStore_0
notRevertedPossibility,dataStore_0
setAddressSetsInvariant,dataStore_0
setAddressSetsInvariant,dataStore_0
setAddressSetsInvariant,dataStore_0
setAddressSetsInvariant,dataStore_0
setAddressSetsInvariant,dataStore_0
setAddressSetsInvariant,dataStore_0
setAddressSetsInvariant,dataStore_0
setAddressSetsInvariant,dataStore_0
setAddressSetsInvariant,dataStore_0
setAddressArrayValuesInvariant,dataStore_0
setAddressArrayValuesInvariant,dataStore_0
setAddressArrayValuesInvariant,dataStore_0
setAddressArrayValuesInvariant,dataStore_0
setAddressArrayValuesInvariant,dataStore_0
setAddressArrayValuesInvariant,dataStore_0
setAddressArrayValuesInvariant,dataStore_0
setAddressArrayValuesInvariant,dataStore_0
setAddressArrayValuesInvariant,dataStore_0
setUintSetsInvariant,dataStore_0
setUintSetsInvariant,dataStore_0
setUintSetsInvariant,dataStore_0
setUintSetsInvariant,dataStore_0
setUintSetsInvariant,dataStore_0
setUintSetsInvariant,dataStore_0
setUintSetsInvariant,dataStore_0
setUintSetsInvariant,dataStore_0
setUintSetsInvariant,dataStore_0
onlyControllerCouldModifyState,dataStore_0
onlyControllerCouldModifyState,dataStore_0
onlyControllerCouldModifyState,dataStore_0
onlyControllerCouldModifyState,dataStore_0
onlyControllerCouldModifyState,dataStore_0
onlyControllerCouldModifyState,dataStore_0
onlyControllerCouldModifyState,dataStore_0
onlyControllerCouldModifyState,dataStore_0
onlyControllerCouldModifyState,dataStore_0
notRevertedPossibility,oracle_0_rerun
notRevertedPossibility,oracle_0_rerun
notRevertedPossibility,oracle_0_rerun
notRevertedPossibility,oracle_0_rerun
notRevertedPossibility,oracle_0_rerun
notRevertedPossibility,oracle_0_rerun
notRevertedPossibility,oracle_0_rerun
notRevertedPossibility,oracle_0_rerun
notRevertedPossibility,oracle_0_rerun
notRevertedPossibility,oracle_0_rerun
notRevertedPossibility,oracle_0_rerun
notRevertedPossibility,oracle_0_rerun
notRevertedPossibility,oracle_0_rerun
notRevertedPossibility,oracle_0_rerun
notRevertedPossibility,oracle_0_rerun
notRevertedPossibility,oracle_0_rerun
notRevertedPossibility,oracle_0_rerun
notRevertedPossibility,oracle_0_rerun
setTokensWithPricesInvariant,oracle_0_rerun
setTokensWithPricesInvariant,oracle_0_rerun
setTokensWithPricesInvariant,oracle_0_rerun
setTokensWithPricesInvariant,oracle_0_rerun
setTokensWithPricesInvariant,oracle_0_rerun
setTokensWithPricesInvariant,oracle_0_rerun
setTokensWithPricesInvariant,oracle_0_rerun
setTokensWithPricesInvariant,oracle_0_rerun
setTokensWithPricesInvariant,oracle_0_rerun
setTokensWithPricesInvariant,oracle_0_rerun
setTokensWithPricesInvariant,oracle_0_rerun
setTokensWithPricesInvariant,oracle_0_rerun
setTokensWithPricesInvariant,oracle_0_rerun
setTokensWithPricesInvariant,oracle_0_rerun
setTokensWithPricesInvariant,oracle_0_rerun
setTokensWithPricesInvariant,oracle_0_rerun
setTokensWithPricesInvariant,oracle_0_rerun
setTokensWithPricesInvariant,oracle_0_rerun
primaryPricesExistsOnlyWithTokensWithPrices,oracle_0_rerun
primaryPricesExistsOnlyWithTokensWithPrices,oracle_0_rerun
primaryPricesExistsOnlyWithTokensWithPrices,oracle_0_rerun
primaryPricesExistsOnlyWithTokensWithPrices,oracle_0_rerun
primaryPricesExistsOnlyWithTokensWithPrices,oracle_0_rerun
primaryPricesExistsOnlyWithTokensWithPrices,oracle_0_rerun
primaryPricesExistsOnlyWithTokensWithPrices,oracle_0_rerun
primaryPricesExistsOnlyWithTokensWithPrices,oracle_0_rerun
primaryPricesExistsOnlyWithTokensWithPrices,oracle_0_rerun
primaryPricesExistsOnlyWithTokensWithPrices,oracle_0_rerun
primaryPricesExistsOnlyWithTokensWithPrices,oracle_0_rerun
primaryPricesExistsOnlyWithTokensWithPrices,oracle_0_rerun
primaryPricesExistsOnlyWithTokensWithPrices,oracle_0_rerun
primaryPricesExistsOnlyWithTokensWithPrices,oracle_0_rerun
primaryPricesExistsOnlyWithTokensWithPrices,oracle_0_rerun
primaryPricesExistsOnlyWithTokensWithPrices,oracle_0_rerun
primaryPricesExistsOnlyWithTokensWithPrices,oracle_0_rerun
primaryPricesExistsOnlyWithTokensWithPrices,oracle_0_rerun
onlyControllerCouldModifyState,oracle_0_rerun
onlyControllerCouldModifyState,oracle_0_rerun
onlyControllerCouldModifyState,oracle_0_rerun
onlyControllerCouldModifyState,oracle_0_rerun
onlyControllerCouldModifyState,oracle_0_rerun
onlyControllerCouldModifyState,oracle_0_rerun
onlyControllerCouldModifyState,oracle_0_rerun
onlyControllerCouldModifyState,oracle_0_rerun
onlyControllerCouldModifyState,oracle_0_rerun
onlyControllerCouldModifyState,oracle_0_rerun
onlyControllerCouldModifyState,oracle_0_rerun
onlyControllerCouldModifyState,oracle_0_rerun
onlyControllerCouldModifyState,oracle_0_rerun
onlyControllerCouldModifyState,oracle_0_rerun
onlyControllerCouldModifyState,oracle_0_rerun
onlyControllerCouldModifyState,oracle_0_rerun
onlyControllerCouldModifyState,oracle_0_rerun
setUintArrayValuesInvariant,dataStore_0
setUintArrayValuesInvariant,dataStore_0
setUintArrayValuesInvariant,dataStore_0
setUintArrayValuesInvariant,dataStore_0
setUintArrayValuesInvariant,dataStore_0
setUintArrayValuesInvariant,dataStore_0
setUintArrayValuesInvariant,dataStore_0
setUintArrayValuesInvariant,dataStore_0
setUintArrayValuesInvariant,dataStore_0
setStringArrayValuesInvariant,dataStore_0
setStringArrayValuesInvariant,dataStore_0
setStringArrayValuesInvariant,dataStore_0
setStringArrayValuesInvariant,dataStore_0
setStringArrayValuesInvariant,dataStore_0
setStringArrayValuesInvariant,dataStore_0
setStringArrayValuesInvariant,dataStore_0
setStringArrayValuesInvariant,dataStore_0
setStringArrayValuesInvariant,dataStore_0
setBoolArrayValuesInvariant,dataStore_0
setBoolArrayValuesInvariant,dataStore_0
setBoolArrayValuesInvariant,dataStore_0
setBoolArrayValuesInvariant,dataStore_0
setBoolArrayValuesInvariant,dataStore_0
setBoolArrayValuesInvariant,dataStore_0
setBoolArrayValuesInvariant,dataStore_0
setBoolArrayValuesInvariant,dataStore_0
setBoolArrayValuesInvariant,dataStore_0
setBytes32SetsInvariant,dataStore_0
setBytes32SetsInvariant,dataStore_0
setBytes32SetsInvariant,dataStore_0
setBytes32SetsInvariant,dataStore_0
setBytes32SetsInvariant,dataStore_0
setBytes32SetsInvariant,dataStore_0
setBytes32SetsInvariant,dataStore_0
setBytes32SetsInvariant,dataStore_0
setBytes32SetsInvariant,dataStore_0
setBytes32ArrayValuesInvariant,dataStore_0
setBytes32ArrayValuesInvariant,dataStore_0
setBytes32ArrayValuesInvariant,dataStore_0
setBytes32ArrayValuesInvariant,dataStore_0
setBytes32ArrayValuesInvariant,dataStore_0
setBytes32ArrayValuesInvariant,dataStore_0
setBytes32ArrayValuesInvariant,dataStore_0
setBytes32ArrayValuesInvariant,dataStore_0
setBytes32ArrayValuesInvariant,dataStore_0
setIntArrayValuesInvariant,dataStore_0
setIntArrayValuesInvariant,dataStore_0
setIntArrayValuesInvariant,dataStore_0
setIntArrayValuesInvariant,dataStore_0
setIntArrayValuesInvariant,dataStore_0
setIntArrayValuesInvariant,dataStore_0
setIntArrayValuesInvariant,dataStore_0
setIntArrayValuesInvariant,dataStore_0
setIntArrayValuesInvariant,dataStore_0
notRevertedPossibility,dataStore_0
notRevertedPossibility,dataStore_0
notRevertedPossibility,dataStore_0
notRevertedPossibility,dataStore_0
notRevertedPossibility,dataStore_0
notRevertedPossibility,dataStore_0
notRevertedPossibility,dataStore_0
notRevertedPossibility,dataStore_0
notRevertedPossibility,dataStore_0
setAddressSetsInvariant,dataStore_0
setAddressSetsInvariant,dataStore_0
setAddressSetsInvariant,dataStore_0
setAddressSetsInvariant,dataStore_0
setAddressSetsInvariant,dataStore_0
setAddressSetsInvariant,dataStore_0
setAddressSetsInvariant,dataStore_0
setAddressSetsInvariant,dataStore_0
setAddressSetsInvariant,dataStore_0
setAddressArrayValuesInvariant,dataStore_0
setAddressArrayValuesInvariant,dataStore_0
setAddressArrayValuesInvariant,dataStore_0
setAddressArrayValuesInvariant,dataStore_0
setAddressArrayValuesInvariant,dataStore_0
setAddressArrayValuesInvariant,dataStore_0
setAddressArrayValuesInvariant,dataStore_0
setAddressArrayValuesInvariant,dataStore_0
setAddressArrayValuesInvariant,dataStore_0
setUintSetsInvariant,dataStore_0
setUintSetsInvariant,dataStore_0
setUintSetsInvariant,dataStore_0
setUintSetsInvariant,dataStore_0
setUintSetsInvariant,dataStore_0
setUintSetsInvariant,dataStore_0
setUintSetsInvariant,dataStore_0
setUintSetsInvariant,dataStore_0
setUintSetsInvariant,dataStore_0
onlyControllerCouldModifyState,dataStore_0
onlyControllerCouldModifyState,dataStore_0
onlyControllerCouldModifyState,dataStore_0
onlyControllerCouldModifyState,dataStore_0
onlyControllerCouldModifyState,dataStore_0
onlyControllerCouldModifyState,dataStore_0
onlyControllerCouldModifyState,dataStore_0
onlyControllerCouldModifyState,dataStore_0
onlyControllerCouldModifyState,dataStore_0
